"region","freq_band","pval_type","pval","experiment","data_type","pval_fdr_adjusted","fdr_significant"
"Acc_x_AMY",1,"s_pval",2e-16,"CGRPaba","coherence",3.74112734864301e-16,TRUE
"Acc_x_AMY",1,"int_pval",2e-16,"CGRPaba","coherence",3.74112734864301e-16,TRUE
"Acc_x_AMY",2,"s_pval",2e-16,"CGRPaba","coherence",3.74112734864301e-16,TRUE
"Acc_x_AMY",2,"int_pval",2e-16,"CGRPaba","coherence",3.74112734864301e-16,TRUE
"Acc_x_AMY",3,"s_pval",2e-16,"CGRPaba","coherence",3.74112734864301e-16,TRUE
"Acc_x_AMY",3,"int_pval",2e-16,"CGRPaba","coherence",3.74112734864301e-16,TRUE
"Acc_x_AMY",4,"s_pval",2e-16,"CGRPaba","coherence",3.74112734864301e-16,TRUE
"Acc_x_AMY",4,"int_pval",0.0012979634572493,"CGRPaba","coherence",0.00178097282954881,TRUE
"Acc_x_LPBN",1,"s_pval",2e-16,"CGRPaba","coherence",3.74112734864301e-16,TRUE
"Acc_x_LPBN",1,"int_pval",2e-16,"CGRPaba","coherence",3.74112734864301e-16,TRUE
"Acc_x_LPBN",2,"s_pval",2e-16,"CGRPaba","coherence",3.74112734864301e-16,TRUE
"Acc_x_LPBN",2,"int_pval",2e-16,"CGRPaba","coherence",3.74112734864301e-16,TRUE
"Acc_x_LPBN",3,"s_pval",2e-16,"CGRPaba","coherence",3.74112734864301e-16,TRUE
"Acc_x_LPBN",3,"int_pval",0.138815232003721,"CGRPaba","coherence",0.167625940532795,FALSE
"Acc_x_LPBN",4,"s_pval",2e-16,"CGRPaba","coherence",3.74112734864301e-16,TRUE
"Acc_x_LPBN",4,"int_pval",0.199624483906593,"CGRPaba","coherence",0.236905347788487,FALSE
"Acc_x_MD_thal",1,"s_pval",2e-16,"CGRPaba","coherence",3.74112734864301e-16,TRUE
"Acc_x_MD_thal",1,"int_pval",0.000120012765555532,"CGRPaba","coherence",0.000174564022626228,TRUE
"Acc_x_MD_thal",2,"s_pval",2e-16,"CGRPaba","coherence",3.74112734864301e-16,TRUE
"Acc_x_MD_thal",2,"int_pval",2e-16,"CGRPaba","coherence",3.74112734864301e-16,TRUE
"Acc_x_MD_thal",3,"s_pval",2e-16,"CGRPaba","coherence",3.74112734864301e-16,TRUE
"Acc_x_MD_thal",3,"int_pval",9.84143744785785e-14,"CGRPaba","coherence",1.78500565855883e-13,TRUE
"Acc_x_MD_thal",4,"s_pval",2e-16,"CGRPaba","coherence",3.74112734864301e-16,TRUE
"Acc_x_MD_thal",4,"int_pval",2e-16,"CGRPaba","coherence",3.74112734864301e-16,TRUE
"Acc_x_Po",1,"s_pval",2e-16,"CGRPaba","coherence",3.74112734864301e-16,TRUE
"Acc_x_Po",1,"int_pval",2e-16,"CGRPaba","coherence",3.74112734864301e-16,TRUE
"Acc_x_Po",2,"s_pval",2e-16,"CGRPaba","coherence",3.74112734864301e-16,TRUE
"Acc_x_Po",2,"int_pval",2e-16,"CGRPaba","coherence",3.74112734864301e-16,TRUE
"Acc_x_Po",3,"s_pval",2e-16,"CGRPaba","coherence",3.74112734864301e-16,TRUE
"Acc_x_Po",3,"int_pval",0.0538475867917611,"CGRPaba","coherence",0.0670103302297471,FALSE
"Acc_x_Po",4,"s_pval",2e-16,"CGRPaba","coherence",3.74112734864301e-16,TRUE
"Acc_x_Po",4,"int_pval",2e-16,"CGRPaba","coherence",3.74112734864301e-16,TRUE
"Acc_x_RPBN",1,"s_pval",2e-16,"CGRPaba","coherence",3.74112734864301e-16,TRUE
"Acc_x_RPBN",1,"int_pval",2e-16,"CGRPaba","coherence",3.74112734864301e-16,TRUE
"Acc_x_RPBN",2,"s_pval",2e-16,"CGRPaba","coherence",3.74112734864301e-16,TRUE
"Acc_x_RPBN",2,"int_pval",2e-16,"CGRPaba","coherence",3.74112734864301e-16,TRUE
"Acc_x_RPBN",3,"s_pval",2e-16,"CGRPaba","coherence",3.74112734864301e-16,TRUE
"Acc_x_RPBN",3,"int_pval",0.000341611159315757,"CGRPaba","coherence",0.000485077018616352,TRUE
"Acc_x_RPBN",4,"s_pval",2e-16,"CGRPaba","coherence",3.74112734864301e-16,TRUE
"Acc_x_RPBN",4,"int_pval",0.149739211377077,"CGRPaba","coherence",0.179847631895256,FALSE
"Acc_x_VPM",1,"s_pval",2e-16,"CGRPaba","coherence",3.74112734864301e-16,TRUE
"Acc_x_VPM",1,"int_pval",2e-16,"CGRPaba","coherence",3.74112734864301e-16,TRUE
"Acc_x_VPM",2,"s_pval",2e-16,"CGRPaba","coherence",3.74112734864301e-16,TRUE
"Acc_x_VPM",2,"int_pval",2e-16,"CGRPaba","coherence",3.74112734864301e-16,TRUE
"Acc_x_VPM",3,"s_pval",2e-16,"CGRPaba","coherence",3.74112734864301e-16,TRUE
"Acc_x_VPM",3,"int_pval",0.677058727180205,"CGRPaba","coherence",0.734436585415816,FALSE
"Acc_x_VPM",4,"s_pval",2e-16,"CGRPaba","coherence",3.74112734864301e-16,TRUE
"Acc_x_VPM",4,"int_pval",2e-16,"CGRPaba","coherence",3.74112734864301e-16,TRUE
"AMY_x_LPBN",1,"s_pval",2e-16,"CGRPaba","coherence",3.74112734864301e-16,TRUE
"AMY_x_LPBN",1,"int_pval",2e-16,"CGRPaba","coherence",3.74112734864301e-16,TRUE
"AMY_x_LPBN",2,"s_pval",2e-16,"CGRPaba","coherence",3.74112734864301e-16,TRUE
"AMY_x_LPBN",2,"int_pval",2e-16,"CGRPaba","coherence",3.74112734864301e-16,TRUE
"AMY_x_LPBN",3,"s_pval",2e-16,"CGRPaba","coherence",3.74112734864301e-16,TRUE
"AMY_x_LPBN",3,"int_pval",0.0793653258060385,"CGRPaba","coherence",0.0975464086724424,FALSE
"AMY_x_LPBN",4,"s_pval",2e-16,"CGRPaba","coherence",3.74112734864301e-16,TRUE
"AMY_x_LPBN",4,"int_pval",2e-16,"CGRPaba","coherence",3.74112734864301e-16,TRUE
"AMY_x_MD_thal",1,"s_pval",2e-16,"CGRPaba","coherence",3.74112734864301e-16,TRUE
"AMY_x_MD_thal",1,"int_pval",1.87600655521843e-05,"CGRPaba","coherence",2.83457314245483e-05,TRUE
"AMY_x_MD_thal",2,"s_pval",2e-16,"CGRPaba","coherence",3.74112734864301e-16,TRUE
"AMY_x_MD_thal",2,"int_pval",2e-16,"CGRPaba","coherence",3.74112734864301e-16,TRUE
"AMY_x_MD_thal",3,"s_pval",2e-16,"CGRPaba","coherence",3.74112734864301e-16,TRUE
"AMY_x_MD_thal",3,"int_pval",2e-16,"CGRPaba","coherence",3.74112734864301e-16,TRUE
"AMY_x_MD_thal",4,"s_pval",2e-16,"CGRPaba","coherence",3.74112734864301e-16,TRUE
"AMY_x_MD_thal",4,"int_pval",2e-16,"CGRPaba","coherence",3.74112734864301e-16,TRUE
"AMY_x_Po",1,"s_pval",2e-16,"CGRPaba","coherence",3.74112734864301e-16,TRUE
"AMY_x_Po",1,"int_pval",2e-16,"CGRPaba","coherence",3.74112734864301e-16,TRUE
"AMY_x_Po",2,"s_pval",2e-16,"CGRPaba","coherence",3.74112734864301e-16,TRUE
"AMY_x_Po",2,"int_pval",2e-16,"CGRPaba","coherence",3.74112734864301e-16,TRUE
"AMY_x_Po",3,"s_pval",2e-16,"CGRPaba","coherence",3.74112734864301e-16,TRUE
"AMY_x_Po",3,"int_pval",0.0367315054391282,"CGRPaba","coherence",0.0461590867790447,TRUE
"AMY_x_Po",4,"s_pval",2e-16,"CGRPaba","coherence",3.74112734864301e-16,TRUE
"AMY_x_Po",4,"int_pval",2e-16,"CGRPaba","coherence",3.74112734864301e-16,TRUE
"AMY_x_RPBN",1,"s_pval",2e-16,"CGRPaba","coherence",3.74112734864301e-16,TRUE
"AMY_x_RPBN",1,"int_pval",2.46409909820135e-16,"CGRPaba","coherence",4.59965164997585e-16,TRUE
"AMY_x_RPBN",2,"s_pval",2e-16,"CGRPaba","coherence",3.74112734864301e-16,TRUE
"AMY_x_RPBN",2,"int_pval",2e-16,"CGRPaba","coherence",3.74112734864301e-16,TRUE
"AMY_x_RPBN",3,"s_pval",2e-16,"CGRPaba","coherence",3.74112734864301e-16,TRUE
"AMY_x_RPBN",3,"int_pval",0.00102294437134783,"CGRPaba","coherence",0.00140576404406082,TRUE
"AMY_x_RPBN",4,"s_pval",2e-16,"CGRPaba","coherence",3.74112734864301e-16,TRUE
"AMY_x_RPBN",4,"int_pval",2e-16,"CGRPaba","coherence",3.74112734864301e-16,TRUE
"AMY_x_VPM",1,"s_pval",2e-16,"CGRPaba","coherence",3.74112734864301e-16,TRUE
"AMY_x_VPM",1,"int_pval",2e-16,"CGRPaba","coherence",3.74112734864301e-16,TRUE
"AMY_x_VPM",2,"s_pval",2e-16,"CGRPaba","coherence",3.74112734864301e-16,TRUE
"AMY_x_VPM",2,"int_pval",2e-16,"CGRPaba","coherence",3.74112734864301e-16,TRUE
"AMY_x_VPM",3,"s_pval",2e-16,"CGRPaba","coherence",3.74112734864301e-16,TRUE
"AMY_x_VPM",3,"int_pval",1.5037401689754e-13,"CGRPaba","coherence",2.71096819195565e-13,TRUE
"AMY_x_VPM",4,"s_pval",2e-16,"CGRPaba","coherence",3.74112734864301e-16,TRUE
"AMY_x_VPM",4,"int_pval",2e-16,"CGRPaba","coherence",3.74112734864301e-16,TRUE
"LPBN_x_MD_thal",1,"s_pval",2e-16,"CGRPaba","coherence",3.74112734864301e-16,TRUE
"LPBN_x_MD_thal",1,"int_pval",6.09782664993986e-08,"CGRPaba","coherence",1.03087786383889e-07,TRUE
"LPBN_x_MD_thal",2,"s_pval",2e-16,"CGRPaba","coherence",3.74112734864301e-16,TRUE
"LPBN_x_MD_thal",2,"int_pval",0.752325353375657,"CGRPaba","coherence",0.804395604563948,FALSE
"LPBN_x_MD_thal",3,"s_pval",2e-16,"CGRPaba","coherence",3.74112734864301e-16,TRUE
"LPBN_x_MD_thal",3,"int_pval",0.0055389820723989,"CGRPaba","coherence",0.00735248583239913,TRUE
"LPBN_x_MD_thal",4,"s_pval",2e-16,"CGRPaba","coherence",3.74112734864301e-16,TRUE
"LPBN_x_MD_thal",4,"int_pval",7.24200658923279e-08,"CGRPaba","coherence",1.21970637292342e-07,TRUE
"LPBN_x_Po",1,"s_pval",2e-16,"CGRPaba","coherence",3.74112734864301e-16,TRUE
"LPBN_x_Po",1,"int_pval",2e-16,"CGRPaba","coherence",3.74112734864301e-16,TRUE
"LPBN_x_Po",2,"s_pval",2e-16,"CGRPaba","coherence",3.74112734864301e-16,TRUE
"LPBN_x_Po",2,"int_pval",1.22435826906911e-07,"CGRPaba","coherence",2.05435394959911e-07,TRUE
"LPBN_x_Po",3,"s_pval",2e-16,"CGRPaba","coherence",3.74112734864301e-16,TRUE
"LPBN_x_Po",3,"int_pval",0.183172999007707,"CGRPaba","coherence",0.218248679668757,FALSE
"LPBN_x_Po",4,"s_pval",2e-16,"CGRPaba","coherence",3.74112734864301e-16,TRUE
"LPBN_x_Po",4,"int_pval",2e-16,"CGRPaba","coherence",3.74112734864301e-16,TRUE
"LPBN_x_RPBN",1,"s_pval",2e-16,"CGRPaba","coherence",3.74112734864301e-16,TRUE
"LPBN_x_RPBN",1,"int_pval",2e-16,"CGRPaba","coherence",3.74112734864301e-16,TRUE
"LPBN_x_RPBN",2,"s_pval",2e-16,"CGRPaba","coherence",3.74112734864301e-16,TRUE
"LPBN_x_RPBN",2,"int_pval",2e-16,"CGRPaba","coherence",3.74112734864301e-16,TRUE
"LPBN_x_RPBN",3,"s_pval",2e-16,"CGRPaba","coherence",3.74112734864301e-16,TRUE
"LPBN_x_RPBN",3,"int_pval",2e-16,"CGRPaba","coherence",3.74112734864301e-16,TRUE
"LPBN_x_RPBN",4,"s_pval",2e-16,"CGRPaba","coherence",3.74112734864301e-16,TRUE
"LPBN_x_RPBN",4,"int_pval",0.112131356040545,"CGRPaba","coherence",0.137066432486123,FALSE
"LPBN_x_VPM",1,"s_pval",2e-16,"CGRPaba","coherence",3.74112734864301e-16,TRUE
"LPBN_x_VPM",1,"int_pval",0.000675871413535314,"CGRPaba","coherence",0.00094327225315832,TRUE
"LPBN_x_VPM",2,"s_pval",2e-16,"CGRPaba","coherence",3.74112734864301e-16,TRUE
"LPBN_x_VPM",2,"int_pval",2e-16,"CGRPaba","coherence",3.74112734864301e-16,TRUE
"LPBN_x_VPM",3,"s_pval",2e-16,"CGRPaba","coherence",3.74112734864301e-16,TRUE
"LPBN_x_VPM",3,"int_pval",2e-16,"CGRPaba","coherence",3.74112734864301e-16,TRUE
"LPBN_x_VPM",4,"s_pval",2e-16,"CGRPaba","coherence",3.74112734864301e-16,TRUE
"LPBN_x_VPM",4,"int_pval",2e-16,"CGRPaba","coherence",3.74112734864301e-16,TRUE
"MD_thal_x_Po",1,"s_pval",2e-16,"CGRPaba","coherence",3.74112734864301e-16,TRUE
"MD_thal_x_Po",1,"int_pval",2e-16,"CGRPaba","coherence",3.74112734864301e-16,TRUE
"MD_thal_x_Po",2,"s_pval",2e-16,"CGRPaba","coherence",3.74112734864301e-16,TRUE
"MD_thal_x_Po",2,"int_pval",0.0185359640802698,"CGRPaba","coherence",0.0237260340227453,TRUE
"MD_thal_x_Po",3,"s_pval",2e-16,"CGRPaba","coherence",3.74112734864301e-16,TRUE
"MD_thal_x_Po",3,"int_pval",2e-16,"CGRPaba","coherence",3.74112734864301e-16,TRUE
"MD_thal_x_Po",4,"s_pval",2e-16,"CGRPaba","coherence",3.74112734864301e-16,TRUE
"MD_thal_x_Po",4,"int_pval",2e-16,"CGRPaba","coherence",3.74112734864301e-16,TRUE
"MD_thal_x_RPBN",1,"s_pval",2e-16,"CGRPaba","coherence",3.74112734864301e-16,TRUE
"MD_thal_x_RPBN",1,"int_pval",2.42792123549631e-09,"CGRPaba","coherence",4.19155573603987e-09,TRUE
"MD_thal_x_RPBN",2,"s_pval",2e-16,"CGRPaba","coherence",3.74112734864301e-16,TRUE
"MD_thal_x_RPBN",2,"int_pval",0.401540801844707,"CGRPaba","coherence",0.459489857538771,FALSE
"MD_thal_x_RPBN",3,"s_pval",2e-16,"CGRPaba","coherence",3.74112734864301e-16,TRUE
"MD_thal_x_RPBN",3,"int_pval",0.00597547145482364,"CGRPaba","coherence",0.00790845261967796,TRUE
"MD_thal_x_RPBN",4,"s_pval",2e-16,"CGRPaba","coherence",3.74112734864301e-16,TRUE
"MD_thal_x_RPBN",4,"int_pval",0.0170674577495968,"CGRPaba","coherence",0.0219089428991959,TRUE
"MD_thal_x_VPM",1,"s_pval",2e-16,"CGRPaba","coherence",3.74112734864301e-16,TRUE
"MD_thal_x_VPM",1,"int_pval",5.92514763889848e-06,"CGRPaba","coherence",9.24901094852446e-06,TRUE
"MD_thal_x_VPM",2,"s_pval",2e-16,"CGRPaba","coherence",3.74112734864301e-16,TRUE
"MD_thal_x_VPM",2,"int_pval",2e-16,"CGRPaba","coherence",3.74112734864301e-16,TRUE
"MD_thal_x_VPM",3,"s_pval",2e-16,"CGRPaba","coherence",3.74112734864301e-16,TRUE
"MD_thal_x_VPM",3,"int_pval",2e-16,"CGRPaba","coherence",3.74112734864301e-16,TRUE
"MD_thal_x_VPM",4,"s_pval",2e-16,"CGRPaba","coherence",3.74112734864301e-16,TRUE
"MD_thal_x_VPM",4,"int_pval",2e-16,"CGRPaba","coherence",3.74112734864301e-16,TRUE
"Po_x_RPBN",1,"s_pval",2e-16,"CGRPaba","coherence",3.74112734864301e-16,TRUE
"Po_x_RPBN",1,"int_pval",4.41775811923489e-09,"CGRPaba","coherence",7.59752643922161e-09,TRUE
"Po_x_RPBN",2,"s_pval",2e-16,"CGRPaba","coherence",3.74112734864301e-16,TRUE
"Po_x_RPBN",2,"int_pval",5.26215009409641e-11,"CGRPaba","coherence",9.2812726069102e-11,TRUE
"Po_x_RPBN",3,"s_pval",2e-16,"CGRPaba","coherence",3.74112734864301e-16,TRUE
"Po_x_RPBN",3,"int_pval",0.526644997097381,"CGRPaba","coherence",0.58837146807887,FALSE
"Po_x_RPBN",4,"s_pval",2e-16,"CGRPaba","coherence",3.74112734864301e-16,TRUE
"Po_x_RPBN",4,"int_pval",5.15936872949399e-16,"CGRPaba","coherence",9.59085971291829e-16,TRUE
"Po_x_VPM",1,"s_pval",2e-16,"CGRPaba","coherence",3.74112734864301e-16,TRUE
"Po_x_VPM",1,"int_pval",2e-16,"CGRPaba","coherence",3.74112734864301e-16,TRUE
"Po_x_VPM",2,"s_pval",2e-16,"CGRPaba","coherence",3.74112734864301e-16,TRUE
"Po_x_VPM",2,"int_pval",2e-16,"CGRPaba","coherence",3.74112734864301e-16,TRUE
"Po_x_VPM",3,"s_pval",2e-16,"CGRPaba","coherence",3.74112734864301e-16,TRUE
"Po_x_VPM",3,"int_pval",2e-16,"CGRPaba","coherence",3.74112734864301e-16,TRUE
"Po_x_VPM",4,"s_pval",2e-16,"CGRPaba","coherence",3.74112734864301e-16,TRUE
"Po_x_VPM",4,"int_pval",2e-16,"CGRPaba","coherence",3.74112734864301e-16,TRUE
"RPBN_x_VPM",1,"s_pval",2e-16,"CGRPaba","coherence",3.74112734864301e-16,TRUE
"RPBN_x_VPM",1,"int_pval",0.022690824523405,"CGRPaba","coherence",0.0287974203583157,TRUE
"RPBN_x_VPM",2,"s_pval",2e-16,"CGRPaba","coherence",3.74112734864301e-16,TRUE
"RPBN_x_VPM",2,"int_pval",2e-16,"CGRPaba","coherence",3.74112734864301e-16,TRUE
"RPBN_x_VPM",3,"s_pval",2e-16,"CGRPaba","coherence",3.74112734864301e-16,TRUE
"RPBN_x_VPM",3,"int_pval",2e-16,"CGRPaba","coherence",3.74112734864301e-16,TRUE
"RPBN_x_VPM",4,"s_pval",2e-16,"CGRPaba","coherence",3.74112734864301e-16,TRUE
"RPBN_x_VPM",4,"int_pval",2e-16,"CGRPaba","coherence",3.74112734864301e-16,TRUE
"Acc",1,"s_pval",2e-16,"CGRPaba","power",3.74112734864301e-16,TRUE
"Acc",1,"int_pval",2e-16,"CGRPaba","power",3.74112734864301e-16,TRUE
"Acc",2,"s_pval",2e-16,"CGRPaba","power",3.74112734864301e-16,TRUE
"Acc",2,"int_pval",2e-16,"CGRPaba","power",3.74112734864301e-16,TRUE
"Acc",3,"s_pval",2e-16,"CGRPaba","power",3.74112734864301e-16,TRUE
"Acc",3,"int_pval",2e-16,"CGRPaba","power",3.74112734864301e-16,TRUE
"Acc",4,"s_pval",2e-16,"CGRPaba","power",3.74112734864301e-16,TRUE
"Acc",4,"int_pval",2e-16,"CGRPaba","power",3.74112734864301e-16,TRUE
"AMY",1,"s_pval",2e-16,"CGRPaba","power",3.74112734864301e-16,TRUE
"AMY",1,"int_pval",2e-16,"CGRPaba","power",3.74112734864301e-16,TRUE
"AMY",2,"s_pval",2e-16,"CGRPaba","power",3.74112734864301e-16,TRUE
"AMY",2,"int_pval",2e-16,"CGRPaba","power",3.74112734864301e-16,TRUE
"AMY",3,"s_pval",2e-16,"CGRPaba","power",3.74112734864301e-16,TRUE
"AMY",3,"int_pval",2e-16,"CGRPaba","power",3.74112734864301e-16,TRUE
"AMY",4,"s_pval",2e-16,"CGRPaba","power",3.74112734864301e-16,TRUE
"AMY",4,"int_pval",2e-16,"CGRPaba","power",3.74112734864301e-16,TRUE
"LPBN",1,"s_pval",2e-16,"CGRPaba","power",3.74112734864301e-16,TRUE
"LPBN",1,"int_pval",5.1725378287636e-09,"CGRPaba","power",8.87853236508082e-09,TRUE
"LPBN",2,"s_pval",2e-16,"CGRPaba","power",3.74112734864301e-16,TRUE
"LPBN",2,"int_pval",2e-16,"CGRPaba","power",3.74112734864301e-16,TRUE
"LPBN",3,"s_pval",2e-16,"CGRPaba","power",3.74112734864301e-16,TRUE
"LPBN",3,"int_pval",2e-16,"CGRPaba","power",3.74112734864301e-16,TRUE
"LPBN",4,"s_pval",2e-16,"CGRPaba","power",3.74112734864301e-16,TRUE
"LPBN",4,"int_pval",2e-16,"CGRPaba","power",3.74112734864301e-16,TRUE
"MD_thal",1,"s_pval",2e-16,"CGRPaba","power",3.74112734864301e-16,TRUE
"MD_thal",1,"int_pval",2e-16,"CGRPaba","power",3.74112734864301e-16,TRUE
"MD_thal",2,"s_pval",2e-16,"CGRPaba","power",3.74112734864301e-16,TRUE
"MD_thal",2,"int_pval",2e-16,"CGRPaba","power",3.74112734864301e-16,TRUE
"MD_thal",3,"s_pval",2e-16,"CGRPaba","power",3.74112734864301e-16,TRUE
"MD_thal",3,"int_pval",2e-16,"CGRPaba","power",3.74112734864301e-16,TRUE
"MD_thal",4,"s_pval",2e-16,"CGRPaba","power",3.74112734864301e-16,TRUE
"MD_thal",4,"int_pval",2e-16,"CGRPaba","power",3.74112734864301e-16,TRUE
"Po",1,"s_pval",2e-16,"CGRPaba","power",3.74112734864301e-16,TRUE
"Po",1,"int_pval",2.09136727993703e-08,"CGRPaba","power",3.55572121977909e-08,TRUE
"Po",2,"s_pval",2e-16,"CGRPaba","power",3.74112734864301e-16,TRUE
"Po",2,"int_pval",2e-16,"CGRPaba","power",3.74112734864301e-16,TRUE
"Po",3,"s_pval",2e-16,"CGRPaba","power",3.74112734864301e-16,TRUE
"Po",3,"int_pval",2e-16,"CGRPaba","power",3.74112734864301e-16,TRUE
"Po",4,"s_pval",2e-16,"CGRPaba","power",3.74112734864301e-16,TRUE
"Po",4,"int_pval",2e-16,"CGRPaba","power",3.74112734864301e-16,TRUE
"RPBN",1,"s_pval",2e-16,"CGRPaba","power",3.74112734864301e-16,TRUE
"RPBN",1,"int_pval",0.0442939899294382,"CGRPaba","power",0.0555068740933939,FALSE
"RPBN",2,"s_pval",2e-16,"CGRPaba","power",3.74112734864301e-16,TRUE
"RPBN",2,"int_pval",2e-16,"CGRPaba","power",3.74112734864301e-16,TRUE
"RPBN",3,"s_pval",2e-16,"CGRPaba","power",3.74112734864301e-16,TRUE
"RPBN",3,"int_pval",2e-16,"CGRPaba","power",3.74112734864301e-16,TRUE
"RPBN",4,"s_pval",2e-16,"CGRPaba","power",3.74112734864301e-16,TRUE
"RPBN",4,"int_pval",2e-16,"CGRPaba","power",3.74112734864301e-16,TRUE
"VPM",1,"s_pval",2e-16,"CGRPaba","power",3.74112734864301e-16,TRUE
"VPM",1,"int_pval",2e-16,"CGRPaba","power",3.74112734864301e-16,TRUE
"VPM",2,"s_pval",2e-16,"CGRPaba","power",3.74112734864301e-16,TRUE
"VPM",2,"int_pval",2e-16,"CGRPaba","power",3.74112734864301e-16,TRUE
"VPM",3,"s_pval",2e-16,"CGRPaba","power",3.74112734864301e-16,TRUE
"VPM",3,"int_pval",2e-16,"CGRPaba","power",3.74112734864301e-16,TRUE
"VPM",4,"s_pval",2e-16,"CGRPaba","power",3.74112734864301e-16,TRUE
"VPM",4,"int_pval",2e-16,"CGRPaba","power",3.74112734864301e-16,TRUE
"Acc_x_AMY",1,"els_par_pval",0.987410216769068,"ELS","coherence",0.999437531782993,FALSE
"Acc_x_AMY",1,"els_spval",2e-16,"ELS","coherence",3.74112734864301e-16,TRUE
"Acc_x_AMY",1,"els_cgrp_intn_par_pval",0.756083023157288,"ELS","coherence",0.807449807805638,FALSE
"Acc_x_AMY",1,"els_cgrp_intn_spval",2e-16,"ELS","coherence",3.74112734864301e-16,TRUE
"Acc_x_AMY",2,"els_par_pval",0.852698855691661,"ELS","coherence",0.886331989210822,FALSE
"Acc_x_AMY",2,"els_spval",2e-16,"ELS","coherence",3.74112734864301e-16,TRUE
"Acc_x_AMY",2,"els_cgrp_intn_par_pval",0.399656929237273,"ELS","coherence",0.457918936824292,FALSE
"Acc_x_AMY",2,"els_cgrp_intn_spval",3.96057707685582e-06,"ELS","coherence",6.25868970169809e-06,TRUE
"Acc_x_AMY",3,"els_par_pval",0.948482292433283,"ELS","coherence",0.967927259704125,FALSE
"Acc_x_AMY",3,"els_spval",2e-16,"ELS","coherence",3.74112734864301e-16,TRUE
"Acc_x_AMY",3,"els_cgrp_intn_par_pval",0.852170817781832,"ELS","coherence",0.886331989210822,FALSE
"Acc_x_AMY",3,"els_cgrp_intn_spval",2e-16,"ELS","coherence",3.74112734864301e-16,TRUE
"Acc_x_AMY",4,"els_par_pval",0.378849588052495,"ELS","coherence",0.436310065417783,FALSE
"Acc_x_AMY",4,"els_spval",1.68298483105289e-05,"ELS","coherence",2.55153030223924e-05,TRUE
"Acc_x_AMY",4,"els_cgrp_intn_par_pval",0.000165124023196954,"ELS","coherence",0.000237101161513575,TRUE
"Acc_x_AMY",4,"els_cgrp_intn_spval",7.256357753882e-05,"ELS","coherence",0.000105890823248832,TRUE
"Acc_x_LPBN",1,"els_par_pval",0.447131206173972,"ELS","coherence",0.507126026242885,FALSE
"Acc_x_LPBN",1,"els_spval",2e-16,"ELS","coherence",3.74112734864301e-16,TRUE
"Acc_x_LPBN",1,"els_cgrp_intn_par_pval",0.014587711631055,"ELS","coherence",0.0188337026245321,TRUE
"Acc_x_LPBN",1,"els_cgrp_intn_spval",2e-16,"ELS","coherence",3.74112734864301e-16,TRUE
"Acc_x_LPBN",2,"els_par_pval",0.78689729329416,"ELS","coherence",0.833404225521947,FALSE
"Acc_x_LPBN",2,"els_spval",0.0140788920267411,"ELS","coherence",0.0182556979102171,TRUE
"Acc_x_LPBN",2,"els_cgrp_intn_par_pval",0.604819219793559,"ELS","coherence",0.669062704622913,FALSE
"Acc_x_LPBN",2,"els_cgrp_intn_spval",2e-16,"ELS","coherence",3.74112734864301e-16,TRUE
"Acc_x_LPBN",3,"els_par_pval",0.619774728577974,"ELS","coherence",0.682209037845043,FALSE
"Acc_x_LPBN",3,"els_spval",2e-16,"ELS","coherence",3.74112734864301e-16,TRUE
"Acc_x_LPBN",3,"els_cgrp_intn_par_pval",0.264149727541974,"ELS","coherence",0.310194175462135,FALSE
"Acc_x_LPBN",3,"els_cgrp_intn_spval",2e-16,"ELS","coherence",3.74112734864301e-16,TRUE
"Acc_x_LPBN",4,"els_par_pval",0.11107973429452,"ELS","coherence",0.135966450721161,FALSE
"Acc_x_LPBN",4,"els_spval",2e-16,"ELS","coherence",3.74112734864301e-16,TRUE
"Acc_x_LPBN",4,"els_cgrp_intn_par_pval",2e-16,"ELS","coherence",3.74112734864301e-16,TRUE
"Acc_x_LPBN",4,"els_cgrp_intn_spval",0.01411593333946,"ELS","coherence",0.0182772778499366,TRUE
"Acc_x_MD_thal",1,"els_par_pval",0.279921549690324,"ELS","coherence",0.327000923758188,FALSE
"Acc_x_MD_thal",1,"els_spval",2e-16,"ELS","coherence",3.74112734864301e-16,TRUE
"Acc_x_MD_thal",1,"els_cgrp_intn_par_pval",3.80794335921216e-15,"ELS","coherence",7.00599024610697e-15,TRUE
"Acc_x_MD_thal",1,"els_cgrp_intn_spval",2e-16,"ELS","coherence",3.74112734864301e-16,TRUE
"Acc_x_MD_thal",2,"els_par_pval",0.801765652786648,"ELS","coherence",0.845446212242471,FALSE
"Acc_x_MD_thal",2,"els_spval",0.415399492537761,"ELS","coherence",0.474742277186013,FALSE
"Acc_x_MD_thal",2,"els_cgrp_intn_par_pval",6.68749137349986e-13,"ELS","coherence",1.19839845413117e-12,TRUE
"Acc_x_MD_thal",2,"els_cgrp_intn_spval",3.40614612737156e-07,"ELS","coherence",5.67268946119873e-07,TRUE
"Acc_x_MD_thal",3,"els_par_pval",0.493067198249863,"ELS","coherence",0.555010313607886,FALSE
"Acc_x_MD_thal",3,"els_spval",0.000964410963632312,"ELS","coherence",0.00133407209553581,TRUE
"Acc_x_MD_thal",3,"els_cgrp_intn_par_pval",2e-16,"ELS","coherence",3.74112734864301e-16,TRUE
"Acc_x_MD_thal",3,"els_cgrp_intn_spval",1.77861905203969e-07,"ELS","coherence",2.97321393773799e-07,TRUE
"Acc_x_MD_thal",4,"els_par_pval",0.329357386749198,"ELS","coherence",0.38083393381768,FALSE
"Acc_x_MD_thal",4,"els_spval",0.294276428592,"ELS","coherence",0.342430753270691,FALSE
"Acc_x_MD_thal",4,"els_cgrp_intn_par_pval",8.06257293612773e-12,"ELS","coherence",1.43334629975604e-11,TRUE
"Acc_x_MD_thal",4,"els_cgrp_intn_spval",0.0457940759557239,"ELS","coherence",0.0572266276936243,FALSE
"Acc_x_Po",1,"els_par_pval",0.504369562457009,"ELS","coherence",0.56518449618032,FALSE
"Acc_x_Po",1,"els_spval",2e-16,"ELS","coherence",3.74112734864301e-16,TRUE
"Acc_x_Po",1,"els_cgrp_intn_par_pval",3.47755794675631e-05,"ELS","coherence",5.15023457899777e-05,TRUE
"Acc_x_Po",1,"els_cgrp_intn_spval",2e-16,"ELS","coherence",3.74112734864301e-16,TRUE
"Acc_x_Po",2,"els_par_pval",0.260585285031096,"ELS","coherence",0.306409993947325,FALSE
"Acc_x_Po",2,"els_spval",1.59962076449749e-05,"ELS","coherence",2.42925458472839e-05,TRUE
"Acc_x_Po",2,"els_cgrp_intn_par_pval",0.504629014446714,"ELS","coherence",0.56518449618032,FALSE
"Acc_x_Po",2,"els_cgrp_intn_spval",2e-16,"ELS","coherence",3.74112734864301e-16,TRUE
"Acc_x_Po",3,"els_par_pval",0.309763200827128,"ELS","coherence",0.35998421263438,FALSE
"Acc_x_Po",3,"els_spval",2e-16,"ELS","coherence",3.74112734864301e-16,TRUE
"Acc_x_Po",3,"els_cgrp_intn_par_pval",0.266833666496985,"ELS","coherence",0.312935818300129,FALSE
"Acc_x_Po",3,"els_cgrp_intn_spval",2e-16,"ELS","coherence",3.74112734864301e-16,TRUE
"Acc_x_Po",4,"els_par_pval",0.484075522716881,"ELS","coherence",0.546950401455644,FALSE
"Acc_x_Po",4,"els_spval",0.160898384756656,"ELS","coherence",0.192476572419177,FALSE
"Acc_x_Po",4,"els_cgrp_intn_par_pval",7.68083320152649e-09,"ELS","coherence",1.31336384514651e-08,TRUE
"Acc_x_Po",4,"els_cgrp_intn_spval",0.0056387564377916,"ELS","coherence",0.00747385468677703,TRUE
"Acc_x_RPBN",1,"els_par_pval",0.44684944414846,"ELS","coherence",0.507126026242885,FALSE
"Acc_x_RPBN",1,"els_spval",2e-16,"ELS","coherence",3.74112734864301e-16,TRUE
"Acc_x_RPBN",1,"els_cgrp_intn_par_pval",0.00238931605742379,"ELS","coherence",0.00321928900368679,TRUE
"Acc_x_RPBN",1,"els_cgrp_intn_spval",2e-16,"ELS","coherence",3.74112734864301e-16,TRUE
"Acc_x_RPBN",2,"els_par_pval",0.618808662202206,"ELS","coherence",0.68198347027451,FALSE
"Acc_x_RPBN",2,"els_spval",0.000439208829338567,"ELS","coherence",0.000618759608627918,TRUE
"Acc_x_RPBN",2,"els_cgrp_intn_par_pval",3.54078704323422e-11,"ELS","coherence",6.25748558330939e-11,TRUE
"Acc_x_RPBN",2,"els_cgrp_intn_spval",2e-16,"ELS","coherence",3.74112734864301e-16,TRUE
"Acc_x_RPBN",3,"els_par_pval",0.518916510437151,"ELS","coherence",0.580460915545178,FALSE
"Acc_x_RPBN",3,"els_spval",2e-16,"ELS","coherence",3.74112734864301e-16,TRUE
"Acc_x_RPBN",3,"els_cgrp_intn_par_pval",0.051606145509542,"ELS","coherence",0.0643103009409591,FALSE
"Acc_x_RPBN",3,"els_cgrp_intn_spval",2e-16,"ELS","coherence",3.74112734864301e-16,TRUE
"Acc_x_RPBN",4,"els_par_pval",0.115059762581204,"ELS","coherence",0.140454424077328,FALSE
"Acc_x_RPBN",4,"els_spval",2e-16,"ELS","coherence",3.74112734864301e-16,TRUE
"Acc_x_RPBN",4,"els_cgrp_intn_par_pval",2e-16,"ELS","coherence",3.74112734864301e-16,TRUE
"Acc_x_RPBN",4,"els_cgrp_intn_spval",0.135875111156552,"ELS","coherence",0.164422017831814,FALSE
"Acc_x_VPM",1,"els_par_pval",0.694532439413778,"ELS","coherence",0.750664735482201,FALSE
"Acc_x_VPM",1,"els_spval",2e-16,"ELS","coherence",3.74112734864301e-16,TRUE
"Acc_x_VPM",1,"els_cgrp_intn_par_pval",2e-16,"ELS","coherence",3.74112734864301e-16,TRUE
"Acc_x_VPM",1,"els_cgrp_intn_spval",2e-16,"ELS","coherence",3.74112734864301e-16,TRUE
"Acc_x_VPM",2,"els_par_pval",0.644402717545763,"ELS","coherence",0.702414641023119,FALSE
"Acc_x_VPM",2,"els_spval",2e-16,"ELS","coherence",3.74112734864301e-16,TRUE
"Acc_x_VPM",2,"els_cgrp_intn_par_pval",5.73477172914937e-15,"ELS","coherence",1.05294169453234e-14,TRUE
"Acc_x_VPM",2,"els_cgrp_intn_spval",4.32494068312028e-05,"ELS","coherence",6.36313111999306e-05,TRUE
"Acc_x_VPM",3,"els_par_pval",0.66981240607006,"ELS","coherence",0.727456867683362,FALSE
"Acc_x_VPM",3,"els_spval",2e-16,"ELS","coherence",3.74112734864301e-16,TRUE
"Acc_x_VPM",3,"els_cgrp_intn_par_pval",2e-16,"ELS","coherence",3.74112734864301e-16,TRUE
"Acc_x_VPM",3,"els_cgrp_intn_spval",2e-16,"ELS","coherence",3.74112734864301e-16,TRUE
"Acc_x_VPM",4,"els_par_pval",0.826710408439342,"ELS","coherence",0.866353831534094,FALSE
"Acc_x_VPM",4,"els_spval",0.00034335773629246,"ELS","coherence",0.000486785651452602,TRUE
"Acc_x_VPM",4,"els_cgrp_intn_par_pval",0.0554537044757286,"ELS","coherence",0.0689133414844006,FALSE
"Acc_x_VPM",4,"els_cgrp_intn_spval",0.0113500507576167,"ELS","coherence",0.014824556091581,TRUE
"AMY_x_LPBN",1,"els_par_pval",0.999437531782993,"ELS","coherence",0.999437531782993,FALSE
"AMY_x_LPBN",1,"els_spval",2e-16,"ELS","coherence",3.74112734864301e-16,TRUE
"AMY_x_LPBN",1,"els_cgrp_intn_par_pval",0.392288917044856,"ELS","coherence",0.451207791620271,FALSE
"AMY_x_LPBN",1,"els_cgrp_intn_spval",2.17620461136492e-05,"ELS","coherence",3.28262513768177e-05,TRUE
"AMY_x_LPBN",2,"els_par_pval",0.977667549939093,"ELS","coherence",0.995443323574349,FALSE
"AMY_x_LPBN",2,"els_spval",8.15867574283091e-06,"ELS","coherence",1.26473589369836e-05,TRUE
"AMY_x_LPBN",2,"els_cgrp_intn_par_pval",0.148846338249083,"ELS","coherence",0.179015193384132,FALSE
"AMY_x_LPBN",2,"els_cgrp_intn_spval",2e-16,"ELS","coherence",3.74112734864301e-16,TRUE
"AMY_x_LPBN",3,"els_par_pval",0.985726512557718,"ELS","coherence",0.999437531782993,FALSE
"AMY_x_LPBN",3,"els_spval",2e-16,"ELS","coherence",3.74112734864301e-16,TRUE
"AMY_x_LPBN",3,"els_cgrp_intn_par_pval",0.20944870962573,"ELS","coherence",0.247254339689926,FALSE
"AMY_x_LPBN",3,"els_cgrp_intn_spval",2e-16,"ELS","coherence",3.74112734864301e-16,TRUE
"AMY_x_LPBN",4,"els_par_pval",0.861331883768186,"ELS","coherence",0.894144275319869,FALSE
"AMY_x_LPBN",4,"els_spval",2e-16,"ELS","coherence",3.74112734864301e-16,TRUE
"AMY_x_LPBN",4,"els_cgrp_intn_par_pval",0.185638578854594,"ELS","coherence",0.220603650863743,FALSE
"AMY_x_LPBN",4,"els_cgrp_intn_spval",2e-16,"ELS","coherence",3.74112734864301e-16,TRUE
"AMY_x_MD_thal",1,"els_par_pval",0.994329962955606,"ELS","coherence",0.999437531782993,FALSE
"AMY_x_MD_thal",1,"els_spval",2e-16,"ELS","coherence",3.74112734864301e-16,TRUE
"AMY_x_MD_thal",1,"els_cgrp_intn_par_pval",2e-16,"ELS","coherence",3.74112734864301e-16,TRUE
"AMY_x_MD_thal",1,"els_cgrp_intn_spval",2e-16,"ELS","coherence",3.74112734864301e-16,TRUE
"AMY_x_MD_thal",2,"els_par_pval",0.997208064631019,"ELS","coherence",0.999437531782993,FALSE
"AMY_x_MD_thal",2,"els_spval",2e-16,"ELS","coherence",3.74112734864301e-16,TRUE
"AMY_x_MD_thal",2,"els_cgrp_intn_par_pval",2e-16,"ELS","coherence",3.74112734864301e-16,TRUE
"AMY_x_MD_thal",2,"els_cgrp_intn_spval",2e-16,"ELS","coherence",3.74112734864301e-16,TRUE
"AMY_x_MD_thal",3,"els_par_pval",0.994715378665499,"ELS","coherence",0.999437531782993,FALSE
"AMY_x_MD_thal",3,"els_spval",2e-16,"ELS","coherence",3.74112734864301e-16,TRUE
"AMY_x_MD_thal",3,"els_cgrp_intn_par_pval",2e-16,"ELS","coherence",3.74112734864301e-16,TRUE
"AMY_x_MD_thal",3,"els_cgrp_intn_spval",2e-16,"ELS","coherence",3.74112734864301e-16,TRUE
"AMY_x_MD_thal",4,"els_par_pval",0.626889903946282,"ELS","coherence",0.689194299307814,FALSE
"AMY_x_MD_thal",4,"els_spval",2e-16,"ELS","coherence",3.74112734864301e-16,TRUE
"AMY_x_MD_thal",4,"els_cgrp_intn_par_pval",2e-16,"ELS","coherence",3.74112734864301e-16,TRUE
"AMY_x_MD_thal",4,"els_cgrp_intn_spval",8.32340791756536e-06,"ELS","coherence",1.28804378137108e-05,TRUE
"AMY_x_Po",1,"els_par_pval",0.999309860493699,"ELS","coherence",0.999437531782993,FALSE
"AMY_x_Po",1,"els_spval",2e-16,"ELS","coherence",3.74112734864301e-16,TRUE
"AMY_x_Po",1,"els_cgrp_intn_par_pval",0.00235526512888615,"ELS","coherence",0.00317818908958131,TRUE
"AMY_x_Po",1,"els_cgrp_intn_spval",2e-16,"ELS","coherence",3.74112734864301e-16,TRUE
"AMY_x_Po",2,"els_par_pval",0.78520835760661,"ELS","coherence",0.833352654134693,FALSE
"AMY_x_Po",2,"els_spval",2e-16,"ELS","coherence",3.74112734864301e-16,TRUE
"AMY_x_Po",2,"els_cgrp_intn_par_pval",0.000427451254340924,"ELS","coherence",0.000603143817148768,TRUE
"AMY_x_Po",2,"els_cgrp_intn_spval",2e-16,"ELS","coherence",3.74112734864301e-16,TRUE
"AMY_x_Po",3,"els_par_pval",0.802041607596094,"ELS","coherence",0.845446212242471,FALSE
"AMY_x_Po",3,"els_spval",2e-16,"ELS","coherence",3.74112734864301e-16,TRUE
"AMY_x_Po",3,"els_cgrp_intn_par_pval",3.79578713843022e-05,"ELS","coherence",5.59379157242348e-05,TRUE
"AMY_x_Po",3,"els_cgrp_intn_spval",2e-16,"ELS","coherence",3.74112734864301e-16,TRUE
"AMY_x_Po",4,"els_par_pval",0.73835947014497,"ELS","coherence",0.792299503293285,FALSE
"AMY_x_Po",4,"els_spval",2e-16,"ELS","coherence",3.74112734864301e-16,TRUE
"AMY_x_Po",4,"els_cgrp_intn_par_pval",2e-16,"ELS","coherence",3.74112734864301e-16,TRUE
"AMY_x_Po",4,"els_cgrp_intn_spval",1.03275395207936e-06,"ELS","coherence",1.68551464674519e-06,TRUE
"AMY_x_RPBN",1,"els_par_pval",0.998709402413171,"ELS","coherence",0.999437531782993,FALSE
"AMY_x_RPBN",1,"els_spval",2e-16,"ELS","coherence",3.74112734864301e-16,TRUE
"AMY_x_RPBN",1,"els_cgrp_intn_par_pval",0.0218981564459595,"ELS","coherence",0.0278703809312212,TRUE
"AMY_x_RPBN",1,"els_cgrp_intn_spval",2e-16,"ELS","coherence",3.74112734864301e-16,TRUE
"AMY_x_RPBN",2,"els_par_pval",0.926449910742111,"ELS","coherence",0.948684708599922,FALSE
"AMY_x_RPBN",2,"els_spval",0.00133034157734407,"ELS","coherence",0.00181982603557296,TRUE
"AMY_x_RPBN",2,"els_cgrp_intn_par_pval",0.000129410628815755,"ELS","coherence",0.000187624471551645,TRUE
"AMY_x_RPBN",2,"els_cgrp_intn_spval",2e-16,"ELS","coherence",3.74112734864301e-16,TRUE
"AMY_x_RPBN",3,"els_par_pval",0.998935997283676,"ELS","coherence",0.999437531782993,FALSE
"AMY_x_RPBN",3,"els_spval",2e-16,"ELS","coherence",3.74112734864301e-16,TRUE
"AMY_x_RPBN",3,"els_cgrp_intn_par_pval",0.444853848095566,"ELS","coherence",0.505823664839628,FALSE
"AMY_x_RPBN",3,"els_cgrp_intn_spval",2e-16,"ELS","coherence",3.74112734864301e-16,TRUE
"AMY_x_RPBN",4,"els_par_pval",0.965276755360685,"ELS","coherence",0.983945361550823,FALSE
"AMY_x_RPBN",4,"els_spval",2e-16,"ELS","coherence",3.74112734864301e-16,TRUE
"AMY_x_RPBN",4,"els_cgrp_intn_par_pval",2.78144883583204e-09,"ELS","coherence",4.79265030174136e-09,TRUE
"AMY_x_RPBN",4,"els_cgrp_intn_spval",2e-16,"ELS","coherence",3.74112734864301e-16,TRUE
"AMY_x_VPM",1,"els_par_pval",0.93569919697915,"ELS","coherence",0.957062192343971,FALSE
"AMY_x_VPM",1,"els_spval",2e-16,"ELS","coherence",3.74112734864301e-16,TRUE
"AMY_x_VPM",1,"els_cgrp_intn_par_pval",2e-16,"ELS","coherence",3.74112734864301e-16,TRUE
"AMY_x_VPM",1,"els_cgrp_intn_spval",2e-16,"ELS","coherence",3.74112734864301e-16,TRUE
"AMY_x_VPM",2,"els_par_pval",0.813455432770294,"ELS","coherence",0.855356303262876,FALSE
"AMY_x_VPM",2,"els_spval",2e-16,"ELS","coherence",3.74112734864301e-16,TRUE
"AMY_x_VPM",2,"els_cgrp_intn_par_pval",2.03688981979495e-10,"ELS","coherence",3.57153283470895e-10,TRUE
"AMY_x_VPM",2,"els_cgrp_intn_spval",2e-16,"ELS","coherence",3.74112734864301e-16,TRUE
"AMY_x_VPM",3,"els_par_pval",0.904074459630135,"ELS","coherence",0.927940486940388,FALSE
"AMY_x_VPM",3,"els_spval",2e-16,"ELS","coherence",3.74112734864301e-16,TRUE
"AMY_x_VPM",3,"els_cgrp_intn_par_pval",3.5775521977396e-15,"ELS","coherence",6.59565178842527e-15,TRUE
"AMY_x_VPM",3,"els_cgrp_intn_spval",2e-16,"ELS","coherence",3.74112734864301e-16,TRUE
"AMY_x_VPM",4,"els_par_pval",0.491378288508991,"ELS","coherence",0.553804964156045,FALSE
"AMY_x_VPM",4,"els_spval",2e-16,"ELS","coherence",3.74112734864301e-16,TRUE
"AMY_x_VPM",4,"els_cgrp_intn_par_pval",0.784013981441468,"ELS","coherence",0.833305489171477,FALSE
"AMY_x_VPM",4,"els_cgrp_intn_spval",2e-16,"ELS","coherence",3.74112734864301e-16,TRUE
"LPBN_x_MD_thal",1,"els_par_pval",0.828050462050336,"ELS","coherence",0.866744408875118,FALSE
"LPBN_x_MD_thal",1,"els_spval",2e-16,"ELS","coherence",3.74112734864301e-16,TRUE
"LPBN_x_MD_thal",1,"els_cgrp_intn_par_pval",1.04138704930733e-13,"ELS","coherence",1.88501574985731e-13,TRUE
"LPBN_x_MD_thal",1,"els_cgrp_intn_spval",2e-16,"ELS","coherence",3.74112734864301e-16,TRUE
"LPBN_x_MD_thal",2,"els_par_pval",0.839674926787676,"ELS","coherence",0.876863326808575,FALSE
"LPBN_x_MD_thal",2,"els_spval",2e-16,"ELS","coherence",3.74112734864301e-16,TRUE
"LPBN_x_MD_thal",2,"els_cgrp_intn_par_pval",2e-16,"ELS","coherence",3.74112734864301e-16,TRUE
"LPBN_x_MD_thal",2,"els_cgrp_intn_spval",6.82013701203132e-05,"ELS","coherence",9.98503719408507e-05,TRUE
"LPBN_x_MD_thal",3,"els_par_pval",0.844149308325729,"ELS","coherence",0.880509639417757,FALSE
"LPBN_x_MD_thal",3,"els_spval",2e-16,"ELS","coherence",3.74112734864301e-16,TRUE
"LPBN_x_MD_thal",3,"els_cgrp_intn_par_pval",2e-16,"ELS","coherence",3.74112734864301e-16,TRUE
"LPBN_x_MD_thal",3,"els_cgrp_intn_spval",2.71540094319844e-05,"ELS","coherence",4.054998741843e-05,TRUE
"LPBN_x_MD_thal",4,"els_par_pval",0.059653992245781,"ELS","coherence",0.0738259351549997,FALSE
"LPBN_x_MD_thal",4,"els_spval",7.63469677034223e-07,"ELS","coherence",1.25517216628012e-06,TRUE
"LPBN_x_MD_thal",4,"els_cgrp_intn_par_pval",0.637842235298361,"ELS","coherence",0.698656735317109,FALSE
"LPBN_x_MD_thal",4,"els_cgrp_intn_spval",2e-16,"ELS","coherence",3.74112734864301e-16,TRUE
"LPBN_x_Po",1,"els_par_pval",0.987228614394397,"ELS","coherence",0.999437531782993,FALSE
"LPBN_x_Po",1,"els_spval",2e-16,"ELS","coherence",3.74112734864301e-16,TRUE
"LPBN_x_Po",1,"els_cgrp_intn_par_pval",6.77599179566255e-06,"ELS","coherence",1.05221640362455e-05,TRUE
"LPBN_x_Po",1,"els_cgrp_intn_spval",3.71343668931212e-06,"ELS","coherence",5.88891906836046e-06,TRUE
"LPBN_x_Po",2,"els_par_pval",0.769208727586631,"ELS","coherence",0.819513697880644,FALSE
"LPBN_x_Po",2,"els_spval",2e-16,"ELS","coherence",3.74112734864301e-16,TRUE
"LPBN_x_Po",2,"els_cgrp_intn_par_pval",1.04164235755192e-15,"ELS","coherence",1.92832965364984e-15,TRUE
"LPBN_x_Po",2,"els_cgrp_intn_spval",2e-16,"ELS","coherence",3.74112734864301e-16,TRUE
"LPBN_x_Po",3,"els_par_pval",0.862210551201302,"ELS","coherence",0.894144275319869,FALSE
"LPBN_x_Po",3,"els_spval",2e-16,"ELS","coherence",3.74112734864301e-16,TRUE
"LPBN_x_Po",3,"els_cgrp_intn_par_pval",1.49760314157627e-12,"ELS","coherence",2.6783481334378e-12,TRUE
"LPBN_x_Po",3,"els_cgrp_intn_spval",2e-16,"ELS","coherence",3.74112734864301e-16,TRUE
"LPBN_x_Po",4,"els_par_pval",0.60771963359065,"ELS","coherence",0.671414046482395,FALSE
"LPBN_x_Po",4,"els_spval",2e-16,"ELS","coherence",3.74112734864301e-16,TRUE
"LPBN_x_Po",4,"els_cgrp_intn_par_pval",3.7675798906939e-05,"ELS","coherence",5.56136998692213e-05,TRUE
"LPBN_x_Po",4,"els_cgrp_intn_spval",2e-16,"ELS","coherence",3.74112734864301e-16,TRUE
"LPBN_x_RPBN",1,"els_par_pval",0.806134230635886,"ELS","coherence",0.848761775146597,FALSE
"LPBN_x_RPBN",1,"els_spval",2e-16,"ELS","coherence",3.74112734864301e-16,TRUE
"LPBN_x_RPBN",1,"els_cgrp_intn_par_pval",1.0743889573145e-11,"ELS","coherence",1.90624258565107e-11,TRUE
"LPBN_x_RPBN",1,"els_cgrp_intn_spval",2e-16,"ELS","coherence",3.74112734864301e-16,TRUE
"LPBN_x_RPBN",2,"els_par_pval",0.849819042909965,"ELS","coherence",0.885392863310847,FALSE
"LPBN_x_RPBN",2,"els_spval",0.903657424147414,"ELS","coherence",0.927940486940388,FALSE
"LPBN_x_RPBN",2,"els_cgrp_intn_par_pval",0.0224322563897213,"ELS","coherence",0.0285096478371493,TRUE
"LPBN_x_RPBN",2,"els_cgrp_intn_spval",2.43240423020152e-06,"ELS","coherence",3.89184676832243e-06,TRUE
"LPBN_x_RPBN",3,"els_par_pval",0.900458616290496,"ELS","coherence",0.927940486940388,FALSE
"LPBN_x_RPBN",3,"els_spval",0.00196600805975788,"ELS","coherence",0.00266094142227048,TRUE
"LPBN_x_RPBN",3,"els_cgrp_intn_par_pval",5.48857113313507e-06,"ELS","coherence",8.59748205470109e-06,TRUE
"LPBN_x_RPBN",3,"els_cgrp_intn_spval",2e-16,"ELS","coherence",3.74112734864301e-16,TRUE
"LPBN_x_RPBN",4,"els_par_pval",0.132640816699195,"ELS","coherence",0.160820259489146,FALSE
"LPBN_x_RPBN",4,"els_spval",2.94594505024226e-05,"ELS","coherence",4.39195801167565e-05,TRUE
"LPBN_x_RPBN",4,"els_cgrp_intn_par_pval",1.14408000417729e-06,"ELS","coherence",1.86381033407791e-06,TRUE
"LPBN_x_RPBN",4,"els_cgrp_intn_spval",2e-16,"ELS","coherence",3.74112734864301e-16,TRUE
"LPBN_x_VPM",1,"els_par_pval",0.705463937048256,"ELS","coherence",0.761561069391852,FALSE
"LPBN_x_VPM",1,"els_spval",2e-16,"ELS","coherence",3.74112734864301e-16,TRUE
"LPBN_x_VPM",1,"els_cgrp_intn_par_pval",0.00845181028132389,"ELS","coherence",0.0111038445924724,TRUE
"LPBN_x_VPM",1,"els_cgrp_intn_spval",0.000966517382376408,"ELS","coherence",0.00133435989924385,TRUE
"LPBN_x_VPM",2,"els_par_pval",0.767896875588433,"ELS","coherence",0.819090000627662,FALSE
"LPBN_x_VPM",2,"els_spval",2e-16,"ELS","coherence",3.74112734864301e-16,TRUE
"LPBN_x_VPM",2,"els_cgrp_intn_par_pval",4.11243807517877e-06,"ELS","coherence",6.48722625943693e-06,TRUE
"LPBN_x_VPM",2,"els_cgrp_intn_spval",6.41052077926529e-06,"ELS","coherence",9.97192121219045e-06,TRUE
"LPBN_x_VPM",3,"els_par_pval",0.729833005196908,"ELS","coherence",0.784089175847038,FALSE
"LPBN_x_VPM",3,"els_spval",2e-16,"ELS","coherence",3.74112734864301e-16,TRUE
"LPBN_x_VPM",3,"els_cgrp_intn_par_pval",6.05257418086249e-05,"ELS","coherence",8.87578799681308e-05,TRUE
"LPBN_x_VPM",3,"els_cgrp_intn_spval",2.2540263092341e-05,"ELS","coherence",3.39429844214076e-05,TRUE
"LPBN_x_VPM",4,"els_par_pval",0.837207300465173,"ELS","coherence",0.87530658251668,FALSE
"LPBN_x_VPM",4,"els_spval",2e-16,"ELS","coherence",3.74112734864301e-16,TRUE
"LPBN_x_VPM",4,"els_cgrp_intn_par_pval",0.904328185186117,"ELS","coherence",0.927940486940388,FALSE
"LPBN_x_VPM",4,"els_cgrp_intn_spval",2e-16,"ELS","coherence",3.74112734864301e-16,TRUE
"MD_thal_x_Po",1,"els_par_pval",0.988362698530164,"ELS","coherence",0.999437531782993,FALSE
"MD_thal_x_Po",1,"els_spval",5.52360877670299e-06,"ELS","coherence",8.63726608014988e-06,TRUE
"MD_thal_x_Po",1,"els_cgrp_intn_par_pval",2e-16,"ELS","coherence",3.74112734864301e-16,TRUE
"MD_thal_x_Po",1,"els_cgrp_intn_spval",9.83834363960101e-06,"ELS","coherence",1.51723853719148e-05,TRUE
"MD_thal_x_Po",2,"els_par_pval",0.996707386748941,"ELS","coherence",0.999437531782993,FALSE
"MD_thal_x_Po",2,"els_spval",2e-16,"ELS","coherence",3.74112734864301e-16,TRUE
"MD_thal_x_Po",2,"els_cgrp_intn_par_pval",2e-16,"ELS","coherence",3.74112734864301e-16,TRUE
"MD_thal_x_Po",2,"els_cgrp_intn_spval",2e-16,"ELS","coherence",3.74112734864301e-16,TRUE
"MD_thal_x_Po",3,"els_par_pval",0.998311361428712,"ELS","coherence",0.999437531782993,FALSE
"MD_thal_x_Po",3,"els_spval",2e-16,"ELS","coherence",3.74112734864301e-16,TRUE
"MD_thal_x_Po",3,"els_cgrp_intn_par_pval",2e-16,"ELS","coherence",3.74112734864301e-16,TRUE
"MD_thal_x_Po",3,"els_cgrp_intn_spval",2e-16,"ELS","coherence",3.74112734864301e-16,TRUE
"MD_thal_x_Po",4,"els_par_pval",0.27728717578605,"ELS","coherence",0.324346357055223,FALSE
"MD_thal_x_Po",4,"els_spval",2e-16,"ELS","coherence",3.74112734864301e-16,TRUE
"MD_thal_x_Po",4,"els_cgrp_intn_par_pval",2e-16,"ELS","coherence",3.74112734864301e-16,TRUE
"MD_thal_x_Po",4,"els_cgrp_intn_spval",2e-16,"ELS","coherence",3.74112734864301e-16,TRUE
"MD_thal_x_RPBN",1,"els_par_pval",0.479798358762794,"ELS","coherence",0.542802183650838,FALSE
"MD_thal_x_RPBN",1,"els_spval",2e-16,"ELS","coherence",3.74112734864301e-16,TRUE
"MD_thal_x_RPBN",1,"els_cgrp_intn_par_pval",2e-16,"ELS","coherence",3.74112734864301e-16,TRUE
"MD_thal_x_RPBN",1,"els_cgrp_intn_spval",2e-16,"ELS","coherence",3.74112734864301e-16,TRUE
"MD_thal_x_RPBN",2,"els_par_pval",0.72009604794414,"ELS","coherence",0.77642125025024,FALSE
"MD_thal_x_RPBN",2,"els_spval",2e-16,"ELS","coherence",3.74112734864301e-16,TRUE
"MD_thal_x_RPBN",2,"els_cgrp_intn_par_pval",2e-16,"ELS","coherence",3.74112734864301e-16,TRUE
"MD_thal_x_RPBN",2,"els_cgrp_intn_spval",0.00156637106110746,"ELS","coherence",0.0021264673799277,TRUE
"MD_thal_x_RPBN",3,"els_par_pval",0.494003518851457,"ELS","coherence",0.555366565735139,FALSE
"MD_thal_x_RPBN",3,"els_spval",2e-16,"ELS","coherence",3.74112734864301e-16,TRUE
"MD_thal_x_RPBN",3,"els_cgrp_intn_par_pval",2e-16,"ELS","coherence",3.74112734864301e-16,TRUE
"MD_thal_x_RPBN",3,"els_cgrp_intn_spval",1.73049930324298e-06,"ELS","coherence",2.80384697234306e-06,TRUE
"MD_thal_x_RPBN",4,"els_par_pval",0.0186545312006074,"ELS","coherence",0.0238097720167297,TRUE
"MD_thal_x_RPBN",4,"els_spval",2e-16,"ELS","coherence",3.74112734864301e-16,TRUE
"MD_thal_x_RPBN",4,"els_cgrp_intn_par_pval",0.271783251574801,"ELS","coherence",0.318323912955584,FALSE
"MD_thal_x_RPBN",4,"els_cgrp_intn_spval",2e-16,"ELS","coherence",3.74112734864301e-16,TRUE
"MD_thal_x_VPM",1,"els_par_pval",0.826531989454178,"ELS","coherence",0.866353831534094,FALSE
"MD_thal_x_VPM",1,"els_spval",0.33529619681574,"ELS","coherence",0.38714612415838,FALSE
"MD_thal_x_VPM",1,"els_cgrp_intn_par_pval",0.0349588160636489,"ELS","coherence",0.0441170411169428,TRUE
"MD_thal_x_VPM",1,"els_cgrp_intn_spval",2e-16,"ELS","coherence",3.74112734864301e-16,TRUE
"MD_thal_x_VPM",2,"els_par_pval",0.814306837816108,"ELS","coherence",0.855356303262876,FALSE
"MD_thal_x_VPM",2,"els_spval",0.00401374104939145,"ELS","coherence",0.00536762982127573,TRUE
"MD_thal_x_VPM",2,"els_cgrp_intn_par_pval",2e-16,"ELS","coherence",3.74112734864301e-16,TRUE
"MD_thal_x_VPM",2,"els_cgrp_intn_spval",1.78546706727789e-05,"ELS","coherence",2.70232853425843e-05,TRUE
"MD_thal_x_VPM",3,"els_par_pval",0.785918518687294,"ELS","coherence",0.833352654134693,FALSE
"MD_thal_x_VPM",3,"els_spval",0.289315843736524,"ELS","coherence",0.337535151025945,FALSE
"MD_thal_x_VPM",3,"els_cgrp_intn_par_pval",2e-16,"ELS","coherence",3.74112734864301e-16,TRUE
"MD_thal_x_VPM",3,"els_cgrp_intn_spval",3.60411013651807e-05,"ELS","coherence",5.32884931075939e-05,TRUE
"MD_thal_x_VPM",4,"els_par_pval",0.501559705320562,"ELS","coherence",0.563154756851157,FALSE
"MD_thal_x_VPM",4,"els_spval",2e-16,"ELS","coherence",3.74112734864301e-16,TRUE
"MD_thal_x_VPM",4,"els_cgrp_intn_par_pval",2e-16,"ELS","coherence",3.74112734864301e-16,TRUE
"MD_thal_x_VPM",4,"els_cgrp_intn_spval",2e-16,"ELS","coherence",3.74112734864301e-16,TRUE
"Po_x_RPBN",1,"els_par_pval",0.905156233912834,"ELS","coherence",0.927940486940388,FALSE
"Po_x_RPBN",1,"els_spval",2e-16,"ELS","coherence",3.74112734864301e-16,TRUE
"Po_x_RPBN",1,"els_cgrp_intn_par_pval",2e-16,"ELS","coherence",3.74112734864301e-16,TRUE
"Po_x_RPBN",1,"els_cgrp_intn_spval",2e-16,"ELS","coherence",3.74112734864301e-16,TRUE
"Po_x_RPBN",2,"els_par_pval",0.903692583814559,"ELS","coherence",0.927940486940388,FALSE
"Po_x_RPBN",2,"els_spval",2e-16,"ELS","coherence",3.74112734864301e-16,TRUE
"Po_x_RPBN",2,"els_cgrp_intn_par_pval",2e-16,"ELS","coherence",3.74112734864301e-16,TRUE
"Po_x_RPBN",2,"els_cgrp_intn_spval",2e-16,"ELS","coherence",3.74112734864301e-16,TRUE
"Po_x_RPBN",3,"els_par_pval",0.72133776924613,"ELS","coherence",0.776825289957371,FALSE
"Po_x_RPBN",3,"els_spval",2e-16,"ELS","coherence",3.74112734864301e-16,TRUE
"Po_x_RPBN",3,"els_cgrp_intn_par_pval",2e-16,"ELS","coherence",3.74112734864301e-16,TRUE
"Po_x_RPBN",3,"els_cgrp_intn_spval",2e-16,"ELS","coherence",3.74112734864301e-16,TRUE
"Po_x_RPBN",4,"els_par_pval",0.724016080664559,"ELS","coherence",0.778773599370282,FALSE
"Po_x_RPBN",4,"els_spval",2e-16,"ELS","coherence",3.74112734864301e-16,TRUE
"Po_x_RPBN",4,"els_cgrp_intn_par_pval",1.46687814947361e-14,"ELS","coherence",2.68777673195983e-14,TRUE
"Po_x_RPBN",4,"els_cgrp_intn_spval",2e-16,"ELS","coherence",3.74112734864301e-16,TRUE
"Po_x_VPM",1,"els_par_pval",0.796889164613642,"ELS","coherence",0.841996098459697,FALSE
"Po_x_VPM",1,"els_spval",2e-16,"ELS","coherence",3.74112734864301e-16,TRUE
"Po_x_VPM",1,"els_cgrp_intn_par_pval",2e-16,"ELS","coherence",3.74112734864301e-16,TRUE
"Po_x_VPM",1,"els_cgrp_intn_spval",2e-16,"ELS","coherence",3.74112734864301e-16,TRUE
"Po_x_VPM",2,"els_par_pval",0.743613514694204,"ELS","coherence",0.796982905700965,FALSE
"Po_x_VPM",2,"els_spval",2e-16,"ELS","coherence",3.74112734864301e-16,TRUE
"Po_x_VPM",2,"els_cgrp_intn_par_pval",0.437375436039296,"ELS","coherence",0.498585738792887,FALSE
"Po_x_VPM",2,"els_cgrp_intn_spval",2e-16,"ELS","coherence",3.74112734864301e-16,TRUE
"Po_x_VPM",3,"els_par_pval",0.60484463252741,"ELS","coherence",0.669062704622913,FALSE
"Po_x_VPM",3,"els_spval",2e-16,"ELS","coherence",3.74112734864301e-16,TRUE
"Po_x_VPM",3,"els_cgrp_intn_par_pval",2e-16,"ELS","coherence",3.74112734864301e-16,TRUE
"Po_x_VPM",3,"els_cgrp_intn_spval",2e-16,"ELS","coherence",3.74112734864301e-16,TRUE
"Po_x_VPM",4,"els_par_pval",0.790907664889663,"ELS","coherence",0.836662653767577,FALSE
"Po_x_VPM",4,"els_spval",2e-16,"ELS","coherence",3.74112734864301e-16,TRUE
"Po_x_VPM",4,"els_cgrp_intn_par_pval",2.37056020540635e-06,"ELS","coherence",3.80649093914711e-06,TRUE
"Po_x_VPM",4,"els_cgrp_intn_spval",2e-16,"ELS","coherence",3.74112734864301e-16,TRUE
"RPBN_x_VPM",1,"els_par_pval",0.560391568842468,"ELS","coherence",0.623740180972486,FALSE
"RPBN_x_VPM",1,"els_spval",2e-16,"ELS","coherence",3.74112734864301e-16,TRUE
"RPBN_x_VPM",1,"els_cgrp_intn_par_pval",2e-16,"ELS","coherence",3.74112734864301e-16,TRUE
"RPBN_x_VPM",1,"els_cgrp_intn_spval",2e-16,"ELS","coherence",3.74112734864301e-16,TRUE
"RPBN_x_VPM",2,"els_par_pval",0.869235987015647,"ELS","coherence",0.900387796954936,FALSE
"RPBN_x_VPM",2,"els_spval",2e-16,"ELS","coherence",3.74112734864301e-16,TRUE
"RPBN_x_VPM",2,"els_cgrp_intn_par_pval",6.41813116505906e-11,"ELS","coherence",1.12979283377071e-10,TRUE
"RPBN_x_VPM",2,"els_cgrp_intn_spval",1.2047014784633e-06,"ELS","coherence",1.95900639692036e-06,TRUE
"RPBN_x_VPM",3,"els_par_pval",0.638615922125795,"ELS","coherence",0.698656735317109,FALSE
"RPBN_x_VPM",3,"els_spval",2e-16,"ELS","coherence",3.74112734864301e-16,TRUE
"RPBN_x_VPM",3,"els_cgrp_intn_par_pval",6.4496100747663e-16,"ELS","coherence",1.19644940517404e-15,TRUE
"RPBN_x_VPM",3,"els_cgrp_intn_spval",2e-16,"ELS","coherence",3.74112734864301e-16,TRUE
"RPBN_x_VPM",4,"els_par_pval",0.998342991868857,"ELS","coherence",0.999437531782993,FALSE
"RPBN_x_VPM",4,"els_spval",2e-16,"ELS","coherence",3.74112734864301e-16,TRUE
"RPBN_x_VPM",4,"els_cgrp_intn_par_pval",0.0652544347120323,"ELS","coherence",0.0806454806923875,FALSE
"RPBN_x_VPM",4,"els_cgrp_intn_spval",2e-16,"ELS","coherence",3.74112734864301e-16,TRUE
"Acc",1,"els_par_pval",0.873169722284172,"ELS","power",0.903418096035356,FALSE
"Acc",1,"els_spval",2e-16,"ELS","power",3.74112734864301e-16,TRUE
"Acc",1,"els_cgrp_intn_par_pval",1.27447209191382e-08,"ELS","power",2.17096386759464e-08,TRUE
"Acc",1,"els_cgrp_intn_spval",2e-16,"ELS","power",3.74112734864301e-16,TRUE
"Acc",2,"els_par_pval",0.125500004414333,"ELS","power",0.152782614069623,FALSE
"Acc",2,"els_spval",0.146604054540639,"ELS","power",0.17655542052206,FALSE
"Acc",2,"els_cgrp_intn_par_pval",7.16023984653548e-05,"ELS","power",0.000104658644412656,TRUE
"Acc",2,"els_cgrp_intn_spval",2.02857426290226e-06,"ELS","power",3.26906931575616e-06,TRUE
"Acc",3,"els_par_pval",0.648830206103605,"ELS","power",0.705524107607803,FALSE
"Acc",3,"els_spval",0.000183917118668275,"ELS","power",0.000263663581322839,TRUE
"Acc",3,"els_cgrp_intn_par_pval",3.42047776229835e-10,"ELS","power",5.98583608402211e-10,TRUE
"Acc",3,"els_cgrp_intn_spval",3.00536863871437e-05,"ELS","power",4.47310681110976e-05,TRUE
"Acc",4,"els_par_pval",0.123042109588711,"ELS","power",0.149994190736714,FALSE
"Acc",4,"els_spval",0.00014790171753043,"ELS","power",0.00021305456415959,TRUE
"Acc",4,"els_cgrp_intn_par_pval",2e-16,"ELS","power",3.74112734864301e-16,TRUE
"Acc",4,"els_cgrp_intn_spval",0.000933703302568478,"ELS","power",0.00129504358994018,TRUE
"AMY",1,"els_par_pval",0.939536237158018,"ELS","power",0.959891070118112,FALSE
"AMY",1,"els_spval",0.00146407908027901,"ELS","power",0.00199971776818597,TRUE
"AMY",1,"els_cgrp_intn_par_pval",0.572539461603362,"ELS","power",0.635681979673621,FALSE
"AMY",1,"els_cgrp_intn_spval",1.38966507329252e-05,"ELS","power",2.12119234356064e-05,TRUE
"AMY",2,"els_par_pval",0.0964521970427248,"ELS","power",0.118223212791083,FALSE
"AMY",2,"els_spval",2e-16,"ELS","power",3.74112734864301e-16,TRUE
"AMY",2,"els_cgrp_intn_par_pval",0.00288336809710858,"ELS","power",0.00387912584836229,TRUE
"AMY",2,"els_cgrp_intn_spval",0.00916526064679141,"ELS","power",0.0119884285248542,TRUE
"AMY",3,"els_par_pval",0.185641911552748,"ELS","power",0.220603650863743,FALSE
"AMY",3,"els_spval",2e-16,"ELS","power",3.74112734864301e-16,TRUE
"AMY",3,"els_cgrp_intn_par_pval",0.0662232769293135,"ELS","power",0.0816176838083424,FALSE
"AMY",3,"els_cgrp_intn_spval",2e-16,"ELS","power",3.74112734864301e-16,TRUE
"AMY",4,"els_par_pval",0.0731537862869412,"ELS","power",0.0900354292762353,FALSE
"AMY",4,"els_spval",0.0048727317976171,"ELS","power",0.00649697573015613,TRUE
"AMY",4,"els_cgrp_intn_par_pval",2e-16,"ELS","power",3.74112734864301e-16,TRUE
"AMY",4,"els_cgrp_intn_spval",2e-16,"ELS","power",3.74112734864301e-16,TRUE
"LPBN",1,"els_par_pval",0.998907467152889,"ELS","power",0.999437531782993,FALSE
"LPBN",1,"els_spval",2e-16,"ELS","power",3.74112734864301e-16,TRUE
"LPBN",1,"els_cgrp_intn_par_pval",0.00349619844772431,"ELS","power",0.00469654244252021,TRUE
"LPBN",1,"els_cgrp_intn_spval",1.49349591708758e-05,"ELS","power",2.27580330222869e-05,TRUE
"LPBN",2,"els_par_pval",0.254771241240566,"ELS","power",0.299967190737907,FALSE
"LPBN",2,"els_spval",2e-16,"ELS","power",3.74112734864301e-16,TRUE
"LPBN",2,"els_cgrp_intn_par_pval",2.30516820998726e-06,"ELS","power",3.70813414030267e-06,TRUE
"LPBN",2,"els_cgrp_intn_spval",0.00176499003302488,"ELS","power",0.00239248270739832,TRUE
"LPBN",3,"els_par_pval",0.694338979394198,"ELS","power",0.750664735482201,FALSE
"LPBN",3,"els_spval",2e-16,"ELS","power",3.74112734864301e-16,TRUE
"LPBN",3,"els_cgrp_intn_par_pval",0.135978476800641,"ELS","power",0.164422017831814,FALSE
"LPBN",3,"els_cgrp_intn_spval",0.0466728522543015,"ELS","power",0.0582435593591283,FALSE
"LPBN",4,"els_par_pval",0.171142878823439,"ELS","power",0.204458692567735,FALSE
"LPBN",4,"els_spval",0.00223066882113282,"ELS","power",0.00301459919115386,TRUE
"LPBN",4,"els_cgrp_intn_par_pval",0.16015690943011,"ELS","power",0.191845709691683,FALSE
"LPBN",4,"els_cgrp_intn_spval",0.000403844289175226,"ELS","power",0.000570732623187701,TRUE
"MD_thal",1,"els_par_pval",0.688149637047911,"ELS","power",0.745564782097858,FALSE
"MD_thal",1,"els_spval",2e-16,"ELS","power",3.74112734864301e-16,TRUE
"MD_thal",1,"els_cgrp_intn_par_pval",2.96382233370759e-06,"ELS","power",4.71684691119361e-06,TRUE
"MD_thal",1,"els_cgrp_intn_spval",2e-16,"ELS","power",3.74112734864301e-16,TRUE
"MD_thal",2,"els_par_pval",0.141609149041719,"ELS","power",0.1707695794635,FALSE
"MD_thal",2,"els_spval",1.27926150405022e-05,"ELS","power",1.95934753440854e-05,TRUE
"MD_thal",2,"els_cgrp_intn_par_pval",2e-16,"ELS","power",3.74112734864301e-16,TRUE
"MD_thal",2,"els_cgrp_intn_spval",0.000345874850278594,"ELS","power",0.000489579566903033,TRUE
"MD_thal",3,"els_par_pval",0.640550336855447,"ELS","power",0.699918416856684,FALSE
"MD_thal",3,"els_spval",2e-16,"ELS","power",3.74112734864301e-16,TRUE
"MD_thal",3,"els_cgrp_intn_par_pval",2e-16,"ELS","power",3.74112734864301e-16,TRUE
"MD_thal",3,"els_cgrp_intn_spval",0.000289050115811595,"ELS","power",0.000412402713005078,TRUE
"MD_thal",4,"els_par_pval",0.491212399291521,"ELS","power",0.553804964156045,FALSE
"MD_thal",4,"els_spval",2e-16,"ELS","power",3.74112734864301e-16,TRUE
"MD_thal",4,"els_cgrp_intn_par_pval",6.85591025083114e-07,"ELS","power",1.13128832131578e-06,TRUE
"MD_thal",4,"els_cgrp_intn_spval",0.00096481999766429,"ELS","power",0.00133407209553581,TRUE
"Po",1,"els_par_pval",0.74686428209183,"ELS","power",0.799510629336057,FALSE
"Po",1,"els_spval",2e-16,"ELS","power",3.74112734864301e-16,TRUE
"Po",1,"els_cgrp_intn_par_pval",5.47751054962052e-14,"ELS","power",9.99562006610995e-14,TRUE
"Po",1,"els_cgrp_intn_spval",2e-16,"ELS","power",3.74112734864301e-16,TRUE
"Po",2,"els_par_pval",0.562451766913436,"ELS","power",0.625256554782182,FALSE
"Po",2,"els_spval",2e-16,"ELS","power",3.74112734864301e-16,TRUE
"Po",2,"els_cgrp_intn_par_pval",2e-16,"ELS","power",3.74112734864301e-16,TRUE
"Po",2,"els_cgrp_intn_spval",0.329404351237391,"ELS","power",0.38083393381768,FALSE
"Po",3,"els_par_pval",0.602003076548898,"ELS","power",0.667567768054224,FALSE
"Po",3,"els_spval",2e-16,"ELS","power",3.74112734864301e-16,TRUE
"Po",3,"els_cgrp_intn_par_pval",2e-16,"ELS","power",3.74112734864301e-16,TRUE
"Po",3,"els_cgrp_intn_spval",0.000987281484096159,"ELS","power",0.00135883903187428,TRUE
"Po",4,"els_par_pval",0.127708234579862,"ELS","power",0.15525994326127,FALSE
"Po",4,"els_spval",2e-16,"ELS","power",3.74112734864301e-16,TRUE
"Po",4,"els_cgrp_intn_par_pval",2e-16,"ELS","power",3.74112734864301e-16,TRUE
"Po",4,"els_cgrp_intn_spval",2e-16,"ELS","power",3.74112734864301e-16,TRUE
"RPBN",1,"els_par_pval",0.542637529412727,"ELS","power",0.604730381037069,FALSE
"RPBN",1,"els_spval",2e-16,"ELS","power",3.74112734864301e-16,TRUE
"RPBN",1,"els_cgrp_intn_par_pval",8.73446942606239e-06,"ELS","power",1.34932493202619e-05,TRUE
"RPBN",1,"els_cgrp_intn_spval",2e-16,"ELS","power",3.74112734864301e-16,TRUE
"RPBN",2,"els_par_pval",0.129114376056846,"ELS","power",0.156756749250588,FALSE
"RPBN",2,"els_spval",7.91861888116419e-07,"ELS","power",1.29946566255002e-06,TRUE
"RPBN",2,"els_cgrp_intn_par_pval",0.432683650915573,"ELS","power",0.493865670344399,FALSE
"RPBN",2,"els_cgrp_intn_spval",0.0119594089474399,"ELS","power",0.0155524389214893,TRUE
"RPBN",3,"els_par_pval",0.293303450838237,"ELS","power",0.341742382251054,FALSE
"RPBN",3,"els_spval",2e-16,"ELS","power",3.74112734864301e-16,TRUE
"RPBN",3,"els_cgrp_intn_par_pval",0.000740906542745118,"ELS","power",0.00103242964587811,TRUE
"RPBN",3,"els_cgrp_intn_spval",0.00819146063325488,"ELS","power",0.010793454010877,TRUE
"RPBN",4,"els_par_pval",0.175939215990387,"ELS","power",0.209908838252179,FALSE
"RPBN",4,"els_spval",0.0178039657450109,"ELS","power",0.0228216785515447,TRUE
"RPBN",4,"els_cgrp_intn_par_pval",0.00154162980323395,"ELS","power",0.00209924058312708,TRUE
"RPBN",4,"els_cgrp_intn_spval",0.00507922192639382,"ELS","power",0.00676223305505032,TRUE
"VPM",1,"els_par_pval",0.782490760063022,"ELS","power",0.832674252988679,FALSE
"VPM",1,"els_spval",1.2148336061002e-06,"ELS","power",1.97190382439453e-06,TRUE
"VPM",1,"els_cgrp_intn_par_pval",2e-16,"ELS","power",3.74112734864301e-16,TRUE
"VPM",1,"els_cgrp_intn_spval",2e-16,"ELS","power",3.74112734864301e-16,TRUE
"VPM",2,"els_par_pval",0.204455563647369,"ELS","power",0.242317705063548,FALSE
"VPM",2,"els_spval",2e-16,"ELS","power",3.74112734864301e-16,TRUE
"VPM",2,"els_cgrp_intn_par_pval",2e-16,"ELS","power",3.74112734864301e-16,TRUE
"VPM",2,"els_cgrp_intn_spval",0.531705908970797,"ELS","power",0.593285796311126,FALSE
"VPM",3,"els_par_pval",0.990385844716959,"ELS","power",0.999437531782993,FALSE
"VPM",3,"els_spval",2e-16,"ELS","power",3.74112734864301e-16,TRUE
"VPM",3,"els_cgrp_intn_par_pval",2e-16,"ELS","power",3.74112734864301e-16,TRUE
"VPM",3,"els_cgrp_intn_spval",0.000341141945446932,"ELS","power",0.000485077018616352,TRUE
"VPM",4,"els_par_pval",0.317761651974072,"ELS","power",0.368323984694397,FALSE
"VPM",4,"els_spval",2e-16,"ELS","power",3.74112734864301e-16,TRUE
"VPM",4,"els_cgrp_intn_par_pval",2e-16,"ELS","power",3.74112734864301e-16,TRUE
"VPM",4,"els_cgrp_intn_spval",2e-16,"ELS","power",3.74112734864301e-16,TRUE
"Acc_x_AMY",1,"s_pval",2e-16,"sumatriptan","coherence",3.74112734864301e-16,TRUE
"Acc_x_AMY",1,"int_pval",1.11494743846007e-05,"sumatriptan","coherence",1.71648265439901e-05,TRUE
"Acc_x_AMY",2,"s_pval",2e-16,"sumatriptan","coherence",3.74112734864301e-16,TRUE
"Acc_x_AMY",2,"int_pval",0.0305541890309592,"sumatriptan","coherence",0.0386674482651687,TRUE
"Acc_x_AMY",3,"s_pval",2e-16,"sumatriptan","coherence",3.74112734864301e-16,TRUE
"Acc_x_AMY",3,"int_pval",0.00130273847648046,"sumatriptan","coherence",0.00178479155187537,TRUE
"Acc_x_AMY",4,"s_pval",6.2468803457838e-07,"sumatriptan","coherence",1.03269461066832e-06,TRUE
"Acc_x_AMY",4,"int_pval",8.88672197923802e-14,"sumatriptan","coherence",1.61511214876212e-13,TRUE
"Acc_x_LPBN",1,"s_pval",2e-16,"sumatriptan","coherence",3.74112734864301e-16,TRUE
"Acc_x_LPBN",1,"int_pval",2e-16,"sumatriptan","coherence",3.74112734864301e-16,TRUE
"Acc_x_LPBN",2,"s_pval",2e-16,"sumatriptan","coherence",3.74112734864301e-16,TRUE
"Acc_x_LPBN",2,"int_pval",1.68417440363177e-09,"sumatriptan","coherence",2.91880128753204e-09,TRUE
"Acc_x_LPBN",3,"s_pval",2e-16,"sumatriptan","coherence",3.74112734864301e-16,TRUE
"Acc_x_LPBN",3,"int_pval",2e-16,"sumatriptan","coherence",3.74112734864301e-16,TRUE
"Acc_x_LPBN",4,"s_pval",0.000337323413704349,"sumatriptan","coherence",0.000480511571826863,TRUE
"Acc_x_LPBN",4,"int_pval",0.646905796273718,"sumatriptan","coherence",0.704286261799819,FALSE
"Acc_x_MD_thal",1,"s_pval",4.42157863783654e-06,"sumatriptan","coherence",6.96262646661079e-06,TRUE
"Acc_x_MD_thal",1,"int_pval",5.825915475655e-14,"sumatriptan","coherence",1.06097972889977e-13,TRUE
"Acc_x_MD_thal",2,"s_pval",2e-16,"sumatriptan","coherence",3.74112734864301e-16,TRUE
"Acc_x_MD_thal",2,"int_pval",0.315043911737121,"sumatriptan","coherence",0.365646819839975,FALSE
"Acc_x_MD_thal",3,"s_pval",1.03939654716445e-07,"sumatriptan","coherence",1.74727824814136e-07,TRUE
"Acc_x_MD_thal",3,"int_pval",2.59475694123218e-06,"sumatriptan","coherence",4.14421072966851e-06,TRUE
"Acc_x_MD_thal",4,"s_pval",0.00879196205632432,"sumatriptan","coherence",0.0115338184516348,TRUE
"Acc_x_MD_thal",4,"int_pval",0.00837766312744549,"sumatriptan","coherence",0.0110225934833938,TRUE
"Acc_x_Po",1,"s_pval",2e-16,"sumatriptan","coherence",3.74112734864301e-16,TRUE
"Acc_x_Po",1,"int_pval",0.000986509226507515,"sumatriptan","coherence",0.00135883903187428,TRUE
"Acc_x_Po",2,"s_pval",8.54513173442761e-07,"sumatriptan","coherence",1.39716022519108e-06,TRUE
"Acc_x_Po",2,"int_pval",0.000879457515842041,"sumatriptan","coherence",0.00122169602200693,TRUE
"Acc_x_Po",3,"s_pval",2e-16,"sumatriptan","coherence",3.74112734864301e-16,TRUE
"Acc_x_Po",3,"int_pval",0.0015481300557365,"sumatriptan","coherence",0.00210489306515919,TRUE
"Acc_x_Po",4,"s_pval",2e-16,"sumatriptan","coherence",3.74112734864301e-16,TRUE
"Acc_x_Po",4,"int_pval",2.75910189381955e-08,"sumatriptan","coherence",4.68211230466348e-08,TRUE
"Acc_x_RPBN",1,"s_pval",2e-16,"sumatriptan","coherence",3.74112734864301e-16,TRUE
"Acc_x_RPBN",1,"int_pval",2e-16,"sumatriptan","coherence",3.74112734864301e-16,TRUE
"Acc_x_RPBN",2,"s_pval",2e-16,"sumatriptan","coherence",3.74112734864301e-16,TRUE
"Acc_x_RPBN",2,"int_pval",6.03815221367464e-07,"sumatriptan","coherence",1.00003408196903e-06,TRUE
"Acc_x_RPBN",3,"s_pval",2e-16,"sumatriptan","coherence",3.74112734864301e-16,TRUE
"Acc_x_RPBN",3,"int_pval",1.99872463329299e-15,"sumatriptan","coherence",3.69248921944437e-15,TRUE
"Acc_x_RPBN",4,"s_pval",0.000671515161289216,"sumatriptan","coherence",0.000940121225804902,TRUE
"Acc_x_RPBN",4,"int_pval",0.230340360391254,"sumatriptan","coherence",0.271559161724426,FALSE
"Acc_x_VPM",1,"s_pval",2e-16,"sumatriptan","coherence",3.74112734864301e-16,TRUE
"Acc_x_VPM",1,"int_pval",0.00648192072656516,"sumatriptan","coherence",0.0085660781283221,TRUE
"Acc_x_VPM",2,"s_pval",2e-16,"sumatriptan","coherence",3.74112734864301e-16,TRUE
"Acc_x_VPM",2,"int_pval",4.5139406185829e-07,"sumatriptan","coherence",7.50369349582612e-07,TRUE
"Acc_x_VPM",3,"s_pval",2e-16,"sumatriptan","coherence",3.74112734864301e-16,TRUE
"Acc_x_VPM",3,"int_pval",0.000142392306450398,"sumatriptan","coherence",0.000205779849321865,TRUE
"Acc_x_VPM",4,"s_pval",2e-16,"sumatriptan","coherence",3.74112734864301e-16,TRUE
"Acc_x_VPM",4,"int_pval",2e-16,"sumatriptan","coherence",3.74112734864301e-16,TRUE
"AMY_x_LPBN",1,"s_pval",2e-16,"sumatriptan","coherence",3.74112734864301e-16,TRUE
"AMY_x_LPBN",1,"int_pval",5.04957535587025e-06,"sumatriptan","coherence",7.92367691569132e-06,TRUE
"AMY_x_LPBN",2,"s_pval",2e-16,"sumatriptan","coherence",3.74112734864301e-16,TRUE
"AMY_x_LPBN",2,"int_pval",0.00059108168163325,"sumatriptan","coherence",0.000828809368925496,TRUE
"AMY_x_LPBN",3,"s_pval",2e-16,"sumatriptan","coherence",3.74112734864301e-16,TRUE
"AMY_x_LPBN",3,"int_pval",1.54804899776195e-05,"sumatriptan","coherence",2.35492682851393e-05,TRUE
"AMY_x_LPBN",4,"s_pval",2e-16,"sumatriptan","coherence",3.74112734864301e-16,TRUE
"AMY_x_LPBN",4,"int_pval",0.0852047221028271,"sumatriptan","coherence",0.104580042471415,FALSE
"AMY_x_MD_thal",1,"s_pval",2e-16,"sumatriptan","coherence",3.74112734864301e-16,TRUE
"AMY_x_MD_thal",1,"int_pval",2.95717779173231e-13,"sumatriptan","coherence",5.32054478191195e-13,TRUE
"AMY_x_MD_thal",2,"s_pval",2e-16,"sumatriptan","coherence",3.74112734864301e-16,TRUE
"AMY_x_MD_thal",2,"int_pval",0.0353612644835563,"sumatriptan","coherence",0.0444995687882956,TRUE
"AMY_x_MD_thal",3,"s_pval",2e-16,"sumatriptan","coherence",3.74112734864301e-16,TRUE
"AMY_x_MD_thal",3,"int_pval",5.97098156709421e-06,"sumatriptan","coherence",9.30434692889811e-06,TRUE
"AMY_x_MD_thal",4,"s_pval",4.7112711627495e-06,"sumatriptan","coherence",7.40578765232202e-06,TRUE
"AMY_x_MD_thal",4,"int_pval",0.0194031850867852,"sumatriptan","coherence",0.0247300908076238,TRUE
"AMY_x_Po",1,"s_pval",2e-16,"sumatriptan","coherence",3.74112734864301e-16,TRUE
"AMY_x_Po",1,"int_pval",0.636087626114745,"sumatriptan","coherence",0.69759426315644,FALSE
"AMY_x_Po",2,"s_pval",2e-16,"sumatriptan","coherence",3.74112734864301e-16,TRUE
"AMY_x_Po",2,"int_pval",0.353311392975236,"sumatriptan","coherence",0.407422146854326,FALSE
"AMY_x_Po",3,"s_pval",2e-16,"sumatriptan","coherence",3.74112734864301e-16,TRUE
"AMY_x_Po",3,"int_pval",0.440904140797779,"sumatriptan","coherence",0.50196964441526,FALSE
"AMY_x_Po",4,"s_pval",2e-16,"sumatriptan","coherence",3.74112734864301e-16,TRUE
"AMY_x_Po",4,"int_pval",0.0117107422290593,"sumatriptan","coherence",0.0152511991820307,TRUE
"AMY_x_RPBN",1,"s_pval",2e-16,"sumatriptan","coherence",3.74112734864301e-16,TRUE
"AMY_x_RPBN",1,"int_pval",8.41973119632661e-07,"sumatriptan","coherence",1.37917351954454e-06,TRUE
"AMY_x_RPBN",2,"s_pval",2e-16,"sumatriptan","coherence",3.74112734864301e-16,TRUE
"AMY_x_RPBN",2,"int_pval",0.000159397079251421,"sumatriptan","coherence",0.000229245237575077,TRUE
"AMY_x_RPBN",3,"s_pval",2e-16,"sumatriptan","coherence",3.74112734864301e-16,TRUE
"AMY_x_RPBN",3,"int_pval",1.74905944569351e-06,"sumatriptan","coherence",2.82880372444293e-06,TRUE
"AMY_x_RPBN",4,"s_pval",3.34987682557575e-05,"sumatriptan","coherence",4.96935370151635e-05,TRUE
"AMY_x_RPBN",4,"int_pval",0.399291594965772,"sumatriptan","coherence",0.457918936824292,FALSE
"AMY_x_VPM",1,"s_pval",2e-16,"sumatriptan","coherence",3.74112734864301e-16,TRUE
"AMY_x_VPM",1,"int_pval",0.0154690996378616,"sumatriptan","coherence",0.0199142432119598,TRUE
"AMY_x_VPM",2,"s_pval",2e-16,"sumatriptan","coherence",3.74112734864301e-16,TRUE
"AMY_x_VPM",2,"int_pval",0.631455264513558,"sumatriptan","coherence",0.693362643387436,FALSE
"AMY_x_VPM",3,"s_pval",2e-16,"sumatriptan","coherence",3.74112734864301e-16,TRUE
"AMY_x_VPM",3,"int_pval",0.0653981892781547,"sumatriptan","coherence",0.0807118148667033,FALSE
"AMY_x_VPM",4,"s_pval",2e-16,"sumatriptan","coherence",3.74112734864301e-16,TRUE
"AMY_x_VPM",4,"int_pval",1.47766471417104e-09,"sumatriptan","coherence",2.57084967747039e-09,TRUE
"LPBN_x_MD_thal",1,"s_pval",2e-16,"sumatriptan","coherence",3.74112734864301e-16,TRUE
"LPBN_x_MD_thal",1,"int_pval",0.00012502735479948,"sumatriptan","coherence",0.000181563225122097,TRUE
"LPBN_x_MD_thal",2,"s_pval",2e-16,"sumatriptan","coherence",3.74112734864301e-16,TRUE
"LPBN_x_MD_thal",2,"int_pval",5.0042664378472e-08,"sumatriptan","coherence",8.47603540323458e-08,TRUE
"LPBN_x_MD_thal",3,"s_pval",2e-16,"sumatriptan","coherence",3.74112734864301e-16,TRUE
"LPBN_x_MD_thal",3,"int_pval",0.207311259394323,"sumatriptan","coherence",0.245053942503052,FALSE
"LPBN_x_MD_thal",4,"s_pval",2e-16,"sumatriptan","coherence",3.74112734864301e-16,TRUE
"LPBN_x_MD_thal",4,"int_pval",2e-16,"sumatriptan","coherence",3.74112734864301e-16,TRUE
"LPBN_x_Po",1,"s_pval",2e-16,"sumatriptan","coherence",3.74112734864301e-16,TRUE
"LPBN_x_Po",1,"int_pval",1.14193277545213e-08,"sumatriptan","coherence",1.9488986034383e-08,TRUE
"LPBN_x_Po",2,"s_pval",2e-16,"sumatriptan","coherence",3.74112734864301e-16,TRUE
"LPBN_x_Po",2,"int_pval",0.206998624546405,"sumatriptan","coherence",0.245007619013975,FALSE
"LPBN_x_Po",3,"s_pval",2e-16,"sumatriptan","coherence",3.74112734864301e-16,TRUE
"LPBN_x_Po",3,"int_pval",0.0451593690000073,"sumatriptan","coherence",0.0565122829944225,FALSE
"LPBN_x_Po",4,"s_pval",2e-16,"sumatriptan","coherence",3.74112734864301e-16,TRUE
"LPBN_x_Po",4,"int_pval",2e-16,"sumatriptan","coherence",3.74112734864301e-16,TRUE
"LPBN_x_RPBN",1,"s_pval",2e-16,"sumatriptan","coherence",3.74112734864301e-16,TRUE
"LPBN_x_RPBN",1,"int_pval",0.000236492470894857,"sumatriptan","coherence",0.000338494015849508,TRUE
"LPBN_x_RPBN",2,"s_pval",0.000474616880762779,"sumatriptan","coherence",0.000666546591165282,TRUE
"LPBN_x_RPBN",2,"int_pval",6.76473931628735e-12,"sumatriptan","coherence",1.20501121816968e-11,TRUE
"LPBN_x_RPBN",3,"s_pval",2.26916460104865e-05,"sumatriptan","coherence",3.40564737443817e-05,TRUE
"LPBN_x_RPBN",3,"int_pval",7.07455486850502e-09,"sumatriptan","coherence",1.2120078703978e-08,TRUE
"LPBN_x_RPBN",4,"s_pval",2.26555280987695e-05,"sumatriptan","coherence",3.40564737443817e-05,TRUE
"LPBN_x_RPBN",4,"int_pval",2e-16,"sumatriptan","coherence",3.74112734864301e-16,TRUE
"LPBN_x_VPM",1,"s_pval",2e-16,"sumatriptan","coherence",3.74112734864301e-16,TRUE
"LPBN_x_VPM",1,"int_pval",2.16719146371884e-12,"sumatriptan","coherence",3.86813456472526e-12,TRUE
"LPBN_x_VPM",2,"s_pval",2e-16,"sumatriptan","coherence",3.74112734864301e-16,TRUE
"LPBN_x_VPM",2,"int_pval",0.0584398585774304,"sumatriptan","coherence",0.0724233932024587,FALSE
"LPBN_x_VPM",3,"s_pval",2e-16,"sumatriptan","coherence",3.74112734864301e-16,TRUE
"LPBN_x_VPM",3,"int_pval",1.38174517828456e-05,"sumatriptan","coherence",2.11270252515864e-05,TRUE
"LPBN_x_VPM",4,"s_pval",2e-16,"sumatriptan","coherence",3.74112734864301e-16,TRUE
"LPBN_x_VPM",4,"int_pval",2e-16,"sumatriptan","coherence",3.74112734864301e-16,TRUE
"MD_thal_x_Po",1,"s_pval",2e-16,"sumatriptan","coherence",3.74112734864301e-16,TRUE
"MD_thal_x_Po",1,"int_pval",7.06285052491883e-08,"sumatriptan","coherence",1.19177289460024e-07,TRUE
"MD_thal_x_Po",2,"s_pval",2e-16,"sumatriptan","coherence",3.74112734864301e-16,TRUE
"MD_thal_x_Po",2,"int_pval",2.86739369230564e-07,"sumatriptan","coherence",4.78432914023436e-07,TRUE
"MD_thal_x_Po",3,"s_pval",2e-16,"sumatriptan","coherence",3.74112734864301e-16,TRUE
"MD_thal_x_Po",3,"int_pval",5.77365198382313e-10,"sumatriptan","coherence",1.00841952777885e-09,TRUE
"MD_thal_x_Po",4,"s_pval",2e-16,"sumatriptan","coherence",3.74112734864301e-16,TRUE
"MD_thal_x_Po",4,"int_pval",3.05652954736881e-06,"sumatriptan","coherence",4.85576325255754e-06,TRUE
"MD_thal_x_RPBN",1,"s_pval",2e-16,"sumatriptan","coherence",3.74112734864301e-16,TRUE
"MD_thal_x_RPBN",1,"int_pval",1.86344764892909e-06,"sumatriptan","coherence",3.00837674493777e-06,TRUE
"MD_thal_x_RPBN",2,"s_pval",1.16987814710034e-05,"sumatriptan","coherence",1.79796023979743e-05,TRUE
"MD_thal_x_RPBN",2,"int_pval",7.04529138559028e-07,"sumatriptan","coherence",1.16040093409722e-06,TRUE
"MD_thal_x_RPBN",3,"s_pval",2e-16,"sumatriptan","coherence",3.74112734864301e-16,TRUE
"MD_thal_x_RPBN",3,"int_pval",0.64395550527648,"sumatriptan","coherence",0.702414641023119,FALSE
"MD_thal_x_RPBN",4,"s_pval",0.000451385416269268,"sumatriptan","coherence",0.000634915750356773,TRUE
"MD_thal_x_RPBN",4,"int_pval",2e-16,"sumatriptan","coherence",3.74112734864301e-16,TRUE
"MD_thal_x_VPM",1,"s_pval",2e-16,"sumatriptan","coherence",3.74112734864301e-16,TRUE
"MD_thal_x_VPM",1,"int_pval",0.0391377273539516,"sumatriptan","coherence",0.0491140107971157,TRUE
"MD_thal_x_VPM",2,"s_pval",2e-16,"sumatriptan","coherence",3.74112734864301e-16,TRUE
"MD_thal_x_VPM",2,"int_pval",0.451000917663319,"sumatriptan","coherence",0.510868296114202,FALSE
"MD_thal_x_VPM",3,"s_pval",2e-16,"sumatriptan","coherence",3.74112734864301e-16,TRUE
"MD_thal_x_VPM",3,"int_pval",0.0580555730836596,"sumatriptan","coherence",0.0720468053780595,FALSE
"MD_thal_x_VPM",4,"s_pval",2e-16,"sumatriptan","coherence",3.74112734864301e-16,TRUE
"MD_thal_x_VPM",4,"int_pval",0.0186146397275683,"sumatriptan","coherence",0.0237927492095595,TRUE
"Po_x_RPBN",1,"s_pval",2e-16,"sumatriptan","coherence",3.74112734864301e-16,TRUE
"Po_x_RPBN",1,"int_pval",6.06194280954668e-10,"sumatriptan","coherence",1.05671220960191e-09,TRUE
"Po_x_RPBN",2,"s_pval",2e-16,"sumatriptan","coherence",3.74112734864301e-16,TRUE
"Po_x_RPBN",2,"int_pval",0.398262054275595,"sumatriptan","coherence",0.457490770039658,FALSE
"Po_x_RPBN",3,"s_pval",2e-16,"sumatriptan","coherence",3.74112734864301e-16,TRUE
"Po_x_RPBN",3,"int_pval",0.0153786429630014,"sumatriptan","coherence",0.0198262792731644,TRUE
"Po_x_RPBN",4,"s_pval",2e-16,"sumatriptan","coherence",3.74112734864301e-16,TRUE
"Po_x_RPBN",4,"int_pval",2e-16,"sumatriptan","coherence",3.74112734864301e-16,TRUE
"Po_x_VPM",1,"s_pval",2e-16,"sumatriptan","coherence",3.74112734864301e-16,TRUE
"Po_x_VPM",1,"int_pval",1.963639206205e-10,"sumatriptan","coherence",3.44984456619545e-10,TRUE
"Po_x_VPM",2,"s_pval",2e-16,"sumatriptan","coherence",3.74112734864301e-16,TRUE
"Po_x_VPM",2,"int_pval",0.0351093348610515,"sumatriptan","coherence",0.0442446751554179,TRUE
"Po_x_VPM",3,"s_pval",2e-16,"sumatriptan","coherence",3.74112734864301e-16,TRUE
"Po_x_VPM",3,"int_pval",3.05151350734045e-05,"sumatriptan","coherence",4.53425555982926e-05,TRUE
"Po_x_VPM",4,"s_pval",2e-16,"sumatriptan","coherence",3.74112734864301e-16,TRUE
"Po_x_VPM",4,"int_pval",0.00884307436203812,"sumatriptan","coherence",0.0115839102754184,TRUE
"RPBN_x_VPM",1,"s_pval",2e-16,"sumatriptan","coherence",3.74112734864301e-16,TRUE
"RPBN_x_VPM",1,"int_pval",4.2349724159845e-16,"sumatriptan","coherence",7.88884674578402e-16,TRUE
"RPBN_x_VPM",2,"s_pval",2e-16,"sumatriptan","coherence",3.74112734864301e-16,TRUE
"RPBN_x_VPM",2,"int_pval",0.0136443502400477,"sumatriptan","coherence",0.0177178808914243,TRUE
"RPBN_x_VPM",3,"s_pval",2e-16,"sumatriptan","coherence",3.74112734864301e-16,TRUE
"RPBN_x_VPM",3,"int_pval",1.27217191578516e-07,"sumatriptan","coherence",2.13059072251122e-07,TRUE
"RPBN_x_VPM",4,"s_pval",0.0001462752549517,"sumatriptan","coherence",0.000211050931460102,TRUE
"RPBN_x_VPM",4,"int_pval",2e-16,"sumatriptan","coherence",3.74112734864301e-16,TRUE
"Acc",1,"s_pval",1.17369448441318e-05,"sumatriptan","power",1.80073674320926e-05,TRUE
"Acc",1,"int_pval",1.42493871975022e-13,"sumatriptan","power",2.57408284858104e-13,TRUE
"Acc",2,"s_pval",2e-16,"sumatriptan","power",3.74112734864301e-16,TRUE
"Acc",2,"int_pval",0.0327259917344844,"sumatriptan","power",0.0413575297519013,TRUE
"Acc",3,"s_pval",2e-16,"sumatriptan","power",3.74112734864301e-16,TRUE
"Acc",3,"int_pval",1.65749446454353e-09,"sumatriptan","power",2.8781299229283e-09,TRUE
"Acc",4,"s_pval",2e-16,"sumatriptan","power",3.74112734864301e-16,TRUE
"Acc",4,"int_pval",2e-16,"sumatriptan","power",3.74112734864301e-16,TRUE
"AMY",1,"s_pval",2e-16,"sumatriptan","power",3.74112734864301e-16,TRUE
"AMY",1,"int_pval",0.159594990731526,"sumatriptan","power",0.191428529712781,FALSE
"AMY",2,"s_pval",2.33486186047016e-05,"sumatriptan","power",3.49838833943355e-05,TRUE
"AMY",2,"int_pval",0.00527641995705897,"sumatriptan","power",0.00701435056606059,TRUE
"AMY",3,"s_pval",2e-16,"sumatriptan","power",3.74112734864301e-16,TRUE
"AMY",3,"int_pval",0.00361010792990445,"sumatriptan","power",0.00483506233960297,TRUE
"AMY",4,"s_pval",2e-16,"sumatriptan","power",3.74112734864301e-16,TRUE
"AMY",4,"int_pval",2e-16,"sumatriptan","power",3.74112734864301e-16,TRUE
"LPBN",1,"s_pval",2e-16,"sumatriptan","power",3.74112734864301e-16,TRUE
"LPBN",1,"int_pval",5.42279550758492e-05,"sumatriptan","power",7.96528651605916e-05,TRUE
"LPBN",2,"s_pval",0.0168880882584519,"sumatriptan","power",0.021709794949172,TRUE
"LPBN",2,"int_pval",4.73166034133904e-13,"sumatriptan","power",8.49612758685327e-13,TRUE
"LPBN",3,"s_pval",2.42056663779522e-06,"sumatriptan","power",3.87983489707427e-06,TRUE
"LPBN",3,"int_pval",3.39626232147577e-14,"sumatriptan","power",6.21030824498427e-14,TRUE
"LPBN",4,"s_pval",0.0113956132302516,"sumatriptan","power",0.0148624009524097,TRUE
"LPBN",4,"int_pval",2e-16,"sumatriptan","power",3.74112734864301e-16,TRUE
"MD_thal",1,"s_pval",0.00357832007556103,"sumatriptan","power",0.00479966285584234,TRUE
"MD_thal",1,"int_pval",0.0001156921910601,"sumatriptan","power",0.000168553175918455,TRUE
"MD_thal",2,"s_pval",0.000673343839978469,"sumatriptan","power",0.000941210734197673,TRUE
"MD_thal",2,"int_pval",0.000809983673166896,"sumatriptan","power",0.00112693380614525,TRUE
"MD_thal",3,"s_pval",0.000267923613722632,"sumatriptan","power",0.000382870108286249,TRUE
"MD_thal",3,"int_pval",0.901652636031457,"sumatriptan","power",0.927940486940388,FALSE
"MD_thal",4,"s_pval",2.46604535181771e-05,"sumatriptan","power",3.68877568485587e-05,TRUE
"MD_thal",4,"int_pval",2e-16,"sumatriptan","power",3.74112734864301e-16,TRUE
"Po",1,"s_pval",0.00442518104853118,"sumatriptan","power",0.00590903460429797,TRUE
"Po",1,"int_pval",2e-16,"sumatriptan","power",3.74112734864301e-16,TRUE
"Po",2,"s_pval",2e-16,"sumatriptan","power",3.74112734864301e-16,TRUE
"Po",2,"int_pval",0.026401219138861,"sumatriptan","power",0.0334589707898436,TRUE
"Po",3,"s_pval",2e-16,"sumatriptan","power",3.74112734864301e-16,TRUE
"Po",3,"int_pval",2e-16,"sumatriptan","power",3.74112734864301e-16,TRUE
"Po",4,"s_pval",2e-16,"sumatriptan","power",3.74112734864301e-16,TRUE
"Po",4,"int_pval",0.613713246008676,"sumatriptan","power",0.677200823181987,FALSE
"RPBN",1,"s_pval",2e-16,"sumatriptan","power",3.74112734864301e-16,TRUE
"RPBN",1,"int_pval",1.07868319054875e-11,"sumatriptan","power",1.91007932555668e-11,TRUE
"RPBN",2,"s_pval",0.00152053235772059,"sumatriptan","power",0.00207366361113797,TRUE
"RPBN",2,"int_pval",0.0143957123284625,"sumatriptan","power",0.0186126381620525,TRUE
"RPBN",3,"s_pval",2.61906765353093e-06,"sumatriptan","power",4.17559540491764e-06,TRUE
"RPBN",3,"int_pval",2.08089136670439e-09,"sumatriptan","power",3.59937966132651e-09,TRUE
"RPBN",4,"s_pval",2e-16,"sumatriptan","power",3.74112734864301e-16,TRUE
"RPBN",4,"int_pval",3.79761365950658e-06,"sumatriptan","power",6.01177003342384e-06,TRUE
"VPM",1,"s_pval",0.00696644953325848,"sumatriptan","power",0.00919284062120707,TRUE
"VPM",1,"int_pval",2e-16,"sumatriptan","power",3.74112734864301e-16,TRUE
"VPM",2,"s_pval",2e-16,"sumatriptan","power",3.74112734864301e-16,TRUE
"VPM",2,"int_pval",0.000139002852738201,"sumatriptan","power",0.000201206067937687,TRUE
"VPM",3,"s_pval",2e-16,"sumatriptan","power",3.74112734864301e-16,TRUE
"VPM",3,"int_pval",6.0308319517266e-07,"sumatriptan","power",1.00003408196903e-06,TRUE
"VPM",4,"s_pval",2e-16,"sumatriptan","power",3.74112734864301e-16,TRUE
"VPM",4,"int_pval",0.887356646231836,"sumatriptan","power",0.917037549046972,FALSE
